1100416	ill_MB04-B10
979328	ill_MB06-H2
1008512	ill_MB07-A5
907776	ill_MB11-B1
946560	ill_MB14-G7
942464	ill_MB15-H4
1069056	ill_MB16-D11
938240	ill_MB17-F6
1342208	ill_MB20-E6
1004160	ill_MB22-E10
905472	ill_MB24-C10
908288	ill_MB24-F10
1061632	ill_MB26-H4
1159808	ill_MB27-B4
1021312	ill_V00H9L
1112576	ill_V010T4
940032	ill_V03HFT
945664	ill_V03ZU2
1120256	ill_V0404P
928128	ill_V045JG
1084544	ill_V04J9U
1015680	ill_V04PTT
1117056	ill_V04T99
993280	ill_V04YHL
964224	ill_V05N83
884864	ill_V05U4U
942464	ill_V06KB2
1095040	ill_V06KFU
902528	ill_V06SEH
1026304	ill_V06XLS
912896	ill_V07OTC
1043968	ill_V0874O
1168768	ill_V08XFS
925568	ill_V09EVV
1240832	ill_V0AID4
1049472	ill_V0AMNJ
885248	ill_V0APMK
940160	ill_V0BI0R
1180544	ill_V0BVU1
999424	ill_V0CCJD
1074048	ill_V0CQP6
1101568	ill_V0DKRO
1123456	ill_V0ETQ8
1170688	ill_V0F9CA
1134464	ill_V0GQSY
1040256	ill_V0IQLM
1001856	ill_V0IY5L
1082240	ill_V0KIGX
937728	ill_V0L3ZF
1036928	ill_V0L9VT
1029760	ill_V0LIS3
937472	ill_V0LQ4N
1037824	ill_V0MDAH
993280	ill_V0N1JE
908160	ill_V0O0SI
951040	ill_V0O2SL
1046656	ill_V0OK4P
913920	ill_V0OQ7E
944512	ill_V0RBC8
1241088	ill_V0RG9C
880896	ill_V0RM90
939520	ill_V0SB8J
1015296	ill_V0SVA4
1111040	ill_V0TMNI
1012224	ill_V0VB50
1249920	ill_V0W7HW
1112320	ill_V0WV71
930432	ill_V0X1YJ
966144	ill_V0X3ZZ
1001984	ill_V0XUBQ
1049088	ill_V0YSOI
1093760	ill_V0ZBIG
1228416	ill_V0ZWZC
1059584	ill_V10GYU
1226496	ill_V10WZV
1039232	ill_V110EY
1036672	ill_V110PY
934016	ill_V11J4E
973824	ill_V124P8
936576	ill_V137O7
1160448	ill_V13BQC
898432	ill_V14WFH
1130112	ill_V16IAN
922752	ill_V16X45
956800	ill_V18BEQ
871168	ill_V19CVF
1050112	ill_V1B2IT
877056	ill_V1BPF7
1165440	ill_V1BQH5
876288	ill_V1C5D9
1043456	ill_V1CI71
1010944	ill_V1DVG1
1018496	ill_V1EHS4
1037056	ill_V1EITB
947200	ill_V1F06F
973696	ill_V1F5KO
1044480	ill_V1FI7F
1334144	ill_V1FYCG
1062528	ill_V1GH35
899200	ill_V1H58G
972160	ill_V1HQZB
949248	ill_V1IN9Y
1102848	ill_V1JCFD
1072640	ill_V1KA53
892032	ill_V1KOAE
1088128	ill_V1M14M
912256	ill_V1NN6P
985984	ill_V1OELW
1146752	ill_V1PK1B
1090816	ill_V1QE01
1053440	ill_V1SUTZ
1133952	ill_V1SZ7Y
996736	ill_V1T1XL
1076864	ill_V1TT57
1045888	ill_V1UZD7
970752	ill_V1WQ4B
860800	ill_V1WWIL
1172992	ill_V1WZON
960000	ill_V1Y06F
1048448	ill_V1Y210
1023360	ill_V1YEIC
1146880	ill_V1ZCZ8
1053824	ill_V209HU
993024	ill_V20PN5
1033600	ill_V2144Z
1112064	ill_V218Q5
1232128	ill_V228GG
1002240	ill_V22M5I
872576	ill_V22OST
1069824	ill_V23DES
1261952	ill_V23FFG
998912	ill_V23IHW
1090944	ill_V23PXU
1172608	ill_V23V9B
950656	ill_V247S0
1012096	ill_V24CBY
1047040	ill_V25RI2
1040256	ill_V25ZP5
1104128	ill_V26SW4
1164800	ill_V26Z1X
1052800	ill_V27TGZ
1027200	ill_V2863X
1340032	ill_V2906Q
1062400	ill_V2930P
1044480	ill_V296TD
1192064	ill_V2A14B
1075712	ill_V2ACZT
1126912	ill_V2BQ38
1073792	ill_V2BQZS
1080704	ill_V2BYIG
991232	ill_V2CRYT
1160192	ill_V2D3MJ
999552	ill_V2D5Y7
912512	ill_V2E7YL
999168	ill_V2EKJ0
930432	ill_V2FNDE
994176	ill_V2GRUA
960896	ill_V2HZEE
1088896	ill_V2I76F
996352	ill_V2IK6G
906240	ill_V2J7I2
1095936	ill_V2K00U
1203456	ill_V2KKNM
996864	ill_V2KW4O
1157888	ill_V2L4LB
979328	ill_V2L5KC
919424	ill_V2MEDT
978432	ill_V2MRMT
1055360	ill_V2MW0I
989056	ill_V2NES5
1103232	ill_V2NNDS
1169152	ill_V2O859
1208704	ill_V2O8PG
1185536	ill_V2OV3O
1132928	ill_V2OXBE
1130240	ill_V2PGYS
1008384	ill_V2PIKN
1017728	ill_V2PPRV
970880	ill_V2RIWK
955776	ill_V2T1QQ
1000960	ill_V2T5HV
1153280	ill_V2TGVB
889344	ill_V2TSIZ
1064320	ill_V2TT8Z
1013248	ill_V2UG26
1274752	ill_V2V54E
974336	ill_V2V62S
1291520	ill_V2VJWP
976256	ill_V2VUHI
950144	ill_V2WT3L
905472	ill_V2WUG8
1319168	ill_V2WVIE
1036032	ill_V2WX6R
948480	ill_V2Y814
1114624	ill_V2Y99F
1001472	ill_V2Y9TX
1105664	ill_V2YCYB
1147392	ill_V2ZAEY
1101056	ill_V2ZR8J
1108480	ill_V2ZRYJ
1062272	ill_V31FC7
1095168	ill_V31P5J
972032	ill_V3276M
953088	ill_V32DY7
964096	ill_V32MIP
1019904	ill_V33DNK
962688	ill_V343W5
1038592	ill_V347IJ
1108608	ill_V349J9
1321984	ill_V35L2C
1005440	ill_V35QEW
956672	ill_V35XXQ
1136384	ill_V35YLP
883968	ill_V36CON
1112832	ill_V36FCZ
985344	ill_V36UY6
879232	ill_V36VGE
1059200	ill_V37JOR
967936	ill_V3844L
1394304	ill_V388BR
1336832	ill_V38FGV
1152384	ill_V38PS1
911488	ill_V38TA2
1106816	ill_V39XFJ
908288	ill_V3B6EO
1350400	ill_V3B9IM
944256	ill_V3C23W
923520	ill_V3CKWV
1059072	ill_V3DSSB
1002368	ill_V3EQF3
968448	ill_V3GX6P
1102592	ill_V3H8VH
928896	ill_V3HFCP
1057280	ill_V3HR5H
1029504	ill_V3I3CS
927232	ill_V3I3JQ
896256	ill_V3IB73
934400	ill_V3K654
1000832	ill_V3KBMR
1008000	ill_V3LK6T
899584	ill_V3M9D5
995584	ill_V3MK5S
1126784	ill_V3MKJX
991360	ill_V3MZNT
1024640	ill_V3NRFY
1096960	ill_V3NW2I
1031680	ill_V3OM5L
971904	ill_V3PRGW
990464	ill_V3QMIQ
1100032	ill_V3QRHD
1122176	ill_V3QWML
1019392	ill_V3R0O9
943360	ill_V3RGCA
938240	ill_V3SIEJ
1011456	ill_V3TLP0
1230720	ill_V3TSBE
1068032	ill_V3U9VV
1215104	ill_V3V4R5
1025408	ill_V3V8M0
987136	ill_V3VRBX
1058816	ill_V3VRTM
957952	ill_V3W65A
952960	ill_V3WD26
1004800	ill_V3WJXK
1394048	ill_V3WVLS
1038208	ill_V3X8LB
956416	ill_V3XFBU
1142912	ill_V3ZZZH
1076608	ill_V403E2
1008128	ill_V40FOF
1135488	ill_V412BS
977792	ill_V41WWG
973312	ill_V422N7
996992	ill_V42X50
1108608	ill_V4388S
895872	ill_V43FMX
1058688	ill_V43NBV
1085056	ill_V44HJG
1043712	ill_V44S08
1117952	ill_V4505L
1074432	ill_V458M1
977664	ill_V45C0T
916352	ill_V45N04
1038464	ill_V46GGV
896768	ill_V46NG6
1071232	ill_V47DHC
938880	ill_V47GD0
1079424	ill_V4824I
1154048	ill_V48VDP
962432	ill_V49CSW
932096	ill_V49R87
1086464	ill_V49TGU
1021056	ill_V4AA4Y
1254016	ill_V4ALXV
940160	ill_V4BDZE
903552	ill_V4BF1X
1218304	ill_V4CLBM
1005056	ill_V4CXS7
993664	ill_V4EHO7
1044224	ill_V4EROO
1073664	ill_V4EXSJ
899328	ill_V4FVIP
1049600	ill_V4GZQ4
1036928	ill_V4HFBS
1101440	ill_V4HMN4
1033856	ill_V4HQPV
1028608	ill_V4HZ9O
971136	ill_V4ID2P
950144	ill_V4IZR2
926976	ill_V4IZWO
1020672	ill_V4J3DG
978176	ill_V4JH2B
1027584	ill_V4JL5W
930688	ill_V4K1M4
1038592	ill_V4KB4U
1020416	ill_V4KZ09
995712	ill_V4L9I1
1088512	ill_V4LPYS
1106688	ill_V4LT6F
1108992	ill_V4LXO6
950528	ill_V4MHU4
1069952	ill_V4NQIN
1004288	ill_V4NR6R
1084800	ill_V4O7YS
894464	ill_V4OF9T
1174784	ill_V4OKLR
1238272	ill_V4OU5B
1152768	ill_V4OUOI
973696	ill_V4PAWM
1124096	ill_V4PBEU
999040	ill_V4QEBY
974464	ill_V4R2BO
1042048	ill_V4RE1W
939392	ill_V4S8AO
1033728	ill_V4SFLT-dup1
964224	ill_V4SYGX
1166720	ill_V4T8FP
1099264	ill_V4T9C9
945920	ill_V4TQU7
956416	ill_V4U4F1
1087744	ill_V4UO31
923776	ill_V4UTSV
1152768	ill_V4UZCS
938240	ill_V4V8L2
1000448	ill_V4VMJ8
952960	ill_V4WD9T
1094656	ill_V4X3XF
1102208	ill_V4Y7HA
1175040	ill_V4Y8TL
902144	ill_V4Z0XV
1049216	ill_V4Z3GI
1229184	ill_V4ZIYY
1062656	ill_V502CT
1080192	ill_V51BR8
1148800	ill_V51DMC
914816	ill_V51GBD
928256	ill_V51OWV
1218688	ill_V528AK
1054464	ill_V538VT
1160832	ill_V53FDC
996992	ill_V53IWZ
1050240	ill_V53X58
1127552	ill_V549I8
1002496	ill_V54BUT
1119616	ill_V54HHN
897280	ill_V55HOO
989056	ill_V55KOT
1129344	ill_V56X8J
1138944	ill_V57SFJ
1064064	ill_V587V4
1252352	ill_V58CKK
1075456	ill_V58H3M
961408	ill_V5A626
962560	ill_V5CSNP
1012736	ill_V5F8BY
949504	ill_V5F9JY
1069568	ill_V5FT1E
985216	ill_V5FW1V
1037568	ill_V5G37R
994176	ill_V5GQ5O
952704	ill_V5HE1I
976256	ill_V5IE2U
1145344	ill_V5IPFI
973440	ill_V5IRLB
903040	ill_V5K18Z
1126912	ill_V5KDAG
942080	ill_V5KQYE
974080	ill_V5LLKT
1002624	ill_V5M6T7
1052672	ill_V5MLEE
1087744	ill_V5NIUH
976896	ill_V5NMLS
1049600	ill_V5PHPV
1212672	ill_V5PYEC
950400	ill_V5QHW0
1084160	ill_V5QIRQ
960512	ill_V5QR5X
930560	ill_V5RCKV
952320	ill_V5RFHW
957184	ill_V5RT3Y
924032	ill_V5S53T
898432	ill_V5SBKS
985728	ill_V5TGN9
916992	ill_V5ULXX
856960	ill_V5V7M1
920704	ill_V5VXYK
1045888	ill_V5XT4C
1020800	ill_V5XWC4
1002752	ill_V5Y6CN
1228800	ill_V5YC9E
1182976	ill_V5ZSBB
919936	ill_V601ZE
1133440	ill_V60A10
1006720	ill_V60HX3
925056	ill_V61GT1
1100672	ill_V61LKB
871424	ill_V61VLS
1136000	ill_V6255X
963584	ill_V62CWJ
961152	ill_V62ZVR
946944	ill_V63613
1175680	ill_V63O1J
940288	ill_V63S5Q
944640	ill_V643W3
1071232	ill_V64BY5
911104	ill_V64YKP
995200	ill_V667ET
1006080	ill_V66RV6
1010816	ill_V66SVJ
1038336	ill_V67E83
1028736	ill_V67RSJ
872064	ill_V680SY
1084416	ill_V68KXR
922752	ill_V68LHT
645120	ill_V69MNU
915584	ill_V6A7TA
1119872	ill_V6B09P
1135744	ill_V6DKWB
967936	ill_V6DO26
1034112	ill_V6DPVZ
959104	ill_V6ERPW
1097216	ill_V6FAO7
932736	ill_V6G6IG
906752	ill_V6GBPQ
971648	ill_V6H0MM
1070464	ill_V6H2IY
988416	ill_V6HUPY
876288	ill_V6JQBG
991488	ill_V6LFOA
1323136	ill_V6LGKV
1080576	ill_V6LSYW
1058688	ill_V6MAK5
919808	ill_V6OS4F
1436928	ill_V6P7D2
882432	ill_V6PGJM
1024000	ill_V6QVBQ
877952	ill_V6QVQM
1082112	ill_V6RL47
1130880	ill_V6SF50
989184	ill_V6SKLZ
1124736	ill_V6SUUS
1161856	ill_V6SZC7
1153152	ill_V6T48B
941440	ill_V6TYKF
1232512	ill_V6U9CP
980736	ill_V6V27N
1019392	ill_V6VKWU
909184	ill_V6VPVZ
1069184	ill_V6VY56
914816	ill_V6WAJC
1098880	ill_V6WFKS
1107840	ill_V6WLPK
1081728	ill_V6X50U
1065728	ill_V6XH8G
909312	ill_V6XRUB
1058816	ill_V6YM6N
927232	ill_V6ZTSI
1011072	ill_V704VW
1031424	ill_V70F47
1096064	ill_V70P1P
1158400	ill_V75JUD
959104	ill_V76NWH
914944	ill_V76R3R
1070080	ill_V7737A
1043456	ill_V7774F
905728	ill_V77S6P
956672	ill_V782IX
1036160	ill_V79TII
1062272	ill_V79WFU
1036288	ill_V7B29S
941056	ill_V7BJZ6
944128	ill_V7BS70
986624	ill_V7CDL5
935552	ill_V7CKE8
972672	ill_V7EM4L
1024384	ill_V7FFHH
1044480	ill_V7FP9K
953216	ill_V7FW1R
864000	ill_V7H80T
1003136	ill_V7HAZ8
1388160	ill_V7HJF3
1111680	ill_V7I6LF
1140224	ill_V7IKOL
896256	ill_V7IMXI
992512	ill_V7K3RV
1085824	ill_V7L5ZF
1064960	ill_V7LAPG
1046656	ill_V7LVPE
1120640	ill_V7MUGL
946560	ill_V7NMEF
1049856	ill_V7O2TS
1092096	ill_V7OJZJ
1126272	ill_V7OQ6K
1045504	ill_V7OWGM
1002880	ill_V7P0DC
1194880	ill_V7QAH0
1045248	ill_V7QC6G
1044864	ill_V7QD9P
1054080	ill_V7QQFG
1083776	ill_V7R14R
1171968	ill_V7RTZY
905344	ill_V7RW2S
1093760	ill_V7RZYD
1098368	ill_V7S9L3
988544	ill_V7SA3J
999680	ill_V7SILO
1011840	ill_V7SOO2
955008	ill_V7T04O
962432	ill_V7TBJ3
1273600	ill_V7TYY4
964608	ill_V7U5FH
1047552	ill_V7UCXM
1008384	ill_V7UIKE
1033088	ill_V7VDAG
1228544	ill_V7WXC4
1058176	ill_V7WYEK
1050624	ill_V7YFCQ
1053824	ill_V7Z87V
1190912	ill_V80E7F
952832	ill_V80RKP
1175936	ill_V81G8X
909952	ill_V83E8E
1013504	ill_V83J8S
1087872	ill_V840ET
1052672	ill_V8417B
931072	ill_V845KU
1059968	ill_V86C7X
1115776	ill_V86YNU
942080	ill_V86Z0W
1011968	ill_V87R7C
926848	ill_V887SA
895104	ill_V88BZU
1033088	ill_V88HBJ
1099264	ill_V88LBR
1036928	ill_V89PC5
955008	ill_V89RUE
1013120	ill_V8A1JE
922496	ill_V8A4UR
972160	ill_V8A6PN
1022848	ill_V8A98P
995200	ill_V8B7AS
918528	ill_V8BBKW
1076096	ill_V8BF42
969344	ill_V8D7YS
902656	ill_V8DTN6
968192	ill_V8DUSF
983040	ill_V8EA78
1115392	ill_V8EITX
1021312	ill_V8F17Q
989184	ill_V8F1JC
918144	ill_V8FXNG
935424	ill_V8GA84
982016	ill_V8GRSX
1108096	ill_V8HDFI
916096	ill_V8I8N1
924288	ill_V8IE6D
1124480	ill_V8IY68
887808	ill_V8IZTN
1259520	ill_V8J4MU
1023616	ill_V8J5VL
995072	ill_V8J895
1075584	ill_V8JSSD
1307392	ill_V8K3YM
865152	ill_V8L57V
973696	ill_V8L9OK
1182848	ill_V8M1K2
989440	ill_V8MITO
1005824	ill_V8NC3I
894848	ill_V8NRLG
894208	ill_V8ODQ7
1212032	ill_V8PAF4
1040384	ill_V8PZSX
1219456	ill_V8Q521
976768	ill_V8QAVH
924416	ill_V8QFOK
1193472	ill_V8QO3N
989312	ill_V8R1TD
1031040	ill_V8R4AG
1149184	ill_V8RHG3
869632	ill_V8RU1D
1103232	ill_V8SP4T
979328	ill_V8SX5M
1016192	ill_V8WCPE
1131520	ill_V8X023
931072	ill_V8XAUP
929792	ill_V8XI8Q
1134592	ill_V8XMND
1082496	ill_V8Y03S
1040384	ill_V906OJ
909184	ill_V9072B
881792	ill_V90RVA
1023744	ill_V919Q2
999296	ill_V92CZ1
931328	ill_V9381G
926208	ill_V942L6
924288	ill_V944TO
1163008	ill_V94WAR
1068544	ill_V95KM2
987520	ill_V964S0
1056768	ill_V96BA5
1000704	ill_V96QEP
1072256	ill_V96VVO
1030400	ill_V97EBU
939520	ill_V97J9Z
1226496	ill_V98RCE
1022080	ill_V9930Y
884608	ill_V99AA5
983296	ill_V9B933
1033472	ill_V9CUTJ
992640	ill_V9CUZI
1033088	ill_V9CZ1H
1035904	ill_V9DHHW
916480	ill_V9DYXM
1065472	ill_V9E4VW
990592	ill_V9E7KF
1026944	ill_V9EN4M
970240	ill_V9GGFQ
1020800	ill_V9GL9Z
1005056	ill_V9GP2F
1069440	ill_V9GZZQ
1001472	ill_V9HGKF
990336	ill_V9HJCC
964608	ill_V9I1IC
1120256	ill_V9I1JH
927360	ill_V9IP0Z
952064	ill_V9J61N
983168	ill_V9JP03
967680	ill_V9KDRC
1076480	ill_V9KN8S
1056128	ill_V9KP7B
988416	ill_V9KTIJ
1213568	ill_V9LGD5
951552	ill_V9LH4H
1013120	ill_V9LSS5
963584	ill_V9O5IM
44928	ill_V9OLUV
977152	ill_V9Q7Z9
1022976	ill_V9QGG2
1073024	ill_V9QT74
914432	ill_V9QW31
966912	ill_V9RXC6
1216768	ill_V9SUG3
977152	ill_V9SV4C
1212288	ill_V9SW05
1212672	ill_V9T3WX
1171584	ill_V9TIKS
1023232	ill_V9TITB
1052416	ill_V9U38S
972800	ill_V9U6M4
1051776	ill_V9UYJ4
946688	ill_V9V2LZ
1014656	ill_V9V7VJ
1026176	ill_V9VUWS
1125888	ill_V9WA5N
990080	ill_V9WLQY
1199232	ill_V9WPAB
1037952	ill_V9X8MH
1123072	ill_V9XR3F
1009024	ill_V9Y37D
1082368	ill_V9Z3VE
1041024	ill_V9ZBXY
1079168	ill_VA004Z
1107456	ill_VA0JBX
887936	ill_VA0W2A
941184	ill_VA1O8B
1023232	ill_VA1SJX
1038208	ill_VA1T4X
1047936	ill_VA2M1E
988672	ill_VA3FYE
1116928	ill_VA3VD0
1061120	ill_VA4LFQ
952832	ill_VA5SKQ
957312	ill_VA6KWA
964480	ill_VA7CU4
987264	ill_VA8FKJ
920960	ill_VA8RLI
1109760	ill_VA8SXT
1202304	ill_VA8XPB
999424	ill_VA9K4R
1065600	ill_VABJ51
1030144	ill_VACV7W
1001216	ill_VAEQ34
1326464	ill_VAERO7
1075968	ill_VAFLNX
916992	ill_VAG4Q8
937600	ill_VAGG3N
944384	ill_VAGYAN
952704	ill_VAH772
1002496	ill_VAHF8S
953472	ill_VAHMQF
1154688	ill_VAHV7I
1038208	ill_VAI1ZY
1016832	ill_VAI7LV
1010944	ill_VAIW17
1046528	ill_VAJ1MO
1027968	ill_VAJ380
948224	ill_VAJHM2
1138816	ill_VAJLEJ
913664	ill_VAJUNN
928384	ill_VALC9T
1008512	ill_VALEBE
1002752	ill_VALKBG
1008256	ill_VAOOQH
893184	ill_VAOSJ0
935424	ill_VAOUIB
1294720	ill_VAPK0E
901504	ill_VAQ2EH
1064960	ill_VAQMDM
903680	ill_VAQXCB
1000960	ill_VAR95B
912512	ill_VARF3W
1071488	ill_VAS0F2
1113472	ill_VAT1DQ
892416	ill_VAT7LH
1094912	ill_VATUIC
1037824	ill_VAU4CW
1146240	ill_VAULOV
1006592	ill_VAV31E
1044352	ill_VAVJ1A
1273728	ill_VAWF9C
1445120	ill_VAXHW5
1073280	ill_VAYQK7
957696	ill_VAYWBV
1058176	ill_VAZ8B6
1091200	ill_VAZIGD
1059584	ill_VAZM68
973184	ill_VB07CR
1000832	ill_VB0MJV
1075840	ill_VB0SBO
1107584	ill_VB1FWX
877696	ill_VB1IUF
979840	ill_VB1KWE
1064960	ill_VB48BW
926208	ill_VB4LUH
884608	ill_VB57R7
889472	ill_VB5CDS
996864	ill_VB60U5
1020160	ill_VB6RZH
899072	ill_VB6V0F
1147136	ill_VB74PZ
1086336	ill_VB7VUW
996480	ill_VB8JOV
949632	ill_VB8SBT
1282816	ill_VB90FI
1028736	ill_VB930K
1170944	ill_VB97ND
894464	ill_VB9SQ9
989056	ill_VBBUAG
967808	ill_VBC2EG
1027712	ill_VBCY6U
903680	ill_VBD0W9
902528	ill_VBE2IN
899712	ill_VBET8H
1027072	ill_VBFDBB
977792	ill_VBGDV3
1004160	ill_VBGN4F
915200	ill_VBGWS0
974080	ill_VBH4ZG
1169536	ill_VBI2K9
950784	ill_VBI6B3
880640	ill_VBJA3P
1162624	ill_VBMSY7
1223680	ill_VBMTCI
1071744	ill_VBNAFC
978432	ill_VBOMPV
1046016	ill_VBOZMX
1124224	ill_VBP6H9
1098368	ill_VBPRL4
1233152	ill_VBQPVU
1057920	ill_VBQUMU
927360	ill_VBSJD8
1033728	ill_VBSSCF
963584	ill_VBT3M8
1099776	ill_VBT9YO
1097856	ill_VBTQSZ
1214080	ill_VBTYJH
1162496	ill_VBU4D1
1085952	ill_VBU4FT
919680	ill_VBUY7L
925568	ill_VBV26Y
1047552	ill_VBVRP6
998528	ill_VBW53L
1160448	ill_VBWFXL
1025920	ill_VBWU1L
1240320	ill_VBXMB8
914176	ill_VBY12V
1072768	ill_VBY3GH
1039360	ill_VBY4A5
1203328	ill_VBY4LZ
1111808	ill_VBYRB8
1112960	ill_VBZB4B
906752	ill_VC0JIV
1059328	ill_VC0JXP
1087616	ill_VC146T
946176	ill_VC1AJN
1086464	ill_VC1QEE
1061248	ill_VC1TRL
1108224	ill_VC26MG
1024128	ill_VC2CE9
956800	ill_VC2J94
1167104	ill_VC2JER
1107456	ill_VC3PX3
982400	ill_VC4LMF
1064576	ill_VC5KZS
1182208	ill_VC5RY8
890240	ill_VC6DD5
1161856	ill_VC6G6S
1050112	ill_VC6XD8
1016192	ill_VC70I8
997888	ill_VC74JU
1130240	ill_VC7AA1
944640	ill_VC7BF0
932480	ill_VC7WS4
1057152	ill_VC7Z51
1084032	ill_VC81G5
1114880	ill_VC81ST
1201792	ill_VC8AI1
917888	ill_VC8BYC
932608	ill_VC8LQO
1006080	ill_VC8QHS
968320	ill_VC98EG
968960	ill_VC98OA
945792	ill_VC9XZ6
1018240	ill_VCCQE4
1030400	ill_VCCWF0
979968	ill_VCD575
1155328	ill_VCE0Y8
1083264	ill_VCE74N
496256	ill_VCEGIZ
869632	ill_VCEMF9
1045632	ill_VCEMYL
1081728	ill_VCEQ5W
1008640	ill_VCEVC7
952832	ill_VCFFJJ
1019648	ill_VCG0OA
1200384	ill_VCG11X
986496	ill_VCG3ZR
976640	ill_VCG5G4
1038464	ill_VCGAL2
930688	ill_VCGY6Q
1027200	ill_VCH5AF
864768	ill_VCIDEN
1018624	ill_VCIYWO
937600	ill_VCJBZ5
868608	ill_VCJHL2
1168256	ill_VCJTKC
1200128	ill_VCK1IX
1053440	ill_VCKHWW
1143168	ill_VCKWK5
1063936	ill_VCL55A
1206528	ill_VCLCF4
1063168	ill_VCM010
1000704	ill_VCM7SL
1056640	ill_VCMFXW
917504	ill_VCOA77
933760	ill_VCOOJY
1033344	ill_VCPI8B
895744	ill_VCQQ27
1047040	ill_VCQTGT
984192	ill_VCQWG0
905344	ill_VCRLAE
991232	ill_VCS4X5
1073152	ill_VCTAHJ
928000	ill_VCTJFG
899456	ill_VCUCNM
1129984	ill_VCUGKF
922240	ill_VCUIHW
1158528	ill_VCUT60
1054848	ill_VCUZGG
1036160	ill_VCV9EL
966272	ill_VCWQ0N
1077504	ill_VCX2O5
951424	ill_VCXEFC
1020672	ill_VCXL6J
1012352	ill_VCXMLC
1038720	ill_VCYFPB
1113088	ill_VCYQP6
1013248	ill_VCYR7S
1088640	ill_VCZ2V3
1101824	ill_VD0C3G
1118464	ill_VD1R10
1062656	ill_VD2T5A
991360	ill_VD3ZGZ
1001472	ill_VD3ZPR
926464	ill_VD41WX
1003904	ill_VD5OV9
928000	ill_VD6LJW
1005568	ill_VD6NXV
1417344	ill_VD6OKK
1040000	ill_VD6YPU
1033088	ill_VD7MZH
1023104	ill_VD7NI5
920704	ill_VD7OX8
965248	ill_VD941L
1084928	ill_VD98G4
916864	ill_VD9EPU
965376	ill_VDA1O5
955776	ill_VDA22B
1180672	ill_VDA8RQ
1028480	ill_VDATYS
1390976	ill_VDBEP1
944256	ill_VDCJGC
1376640	ill_VDCPVM
994304	ill_VDCYKC
1052800	ill_VDD3EK
1115392	ill_VDDFSZ
1041280	ill_VDE0UP
988544	ill_VDENXC
1144320	ill_VDFAIC
958592	ill_VDFRDM
1095680	ill_VDGX00
1014528	ill_VDHNR2
1082368	ill_VDHWRV
1073024	ill_VDI7FO
1109504	ill_VDIDK8
1386752	ill_VDIHML
1087232	ill_VDIIS3
945920	ill_VDJ4SQ
939904	ill_VDJAJ1
948224	ill_VDJDSP
921088	ill_VDJQ1U
907008	ill_VDJRQS
1047936	ill_VDK15L
1334656	ill_VDL8IX
1159936	ill_VDNKH2
1150336	ill_VDNPG3
968576	ill_VDOEDJ
1082752	ill_VDOFMW
967680	ill_VDOUU6
975616	ill_VDOZW7
1104512	ill_VDP9LB
962048	ill_VDQ78F
956672	ill_VDSC7I
1309952	ill_VDSGZC
1047424	ill_VDSI6K
1158016	ill_VDSYJB
1025152	ill_VDSZV8
988800	ill_VDT6S2
924672	ill_VDT8E3
990464	ill_VDTALT
966400	ill_VDU87L
865920	ill_VDUALN
986112	ill_VDUOAE
886144	ill_VDV0LO
923392	ill_VDVHRJ
1129600	ill_VDW86S
916480	ill_VDWVK3
1198592	ill_VDWZ9H
1033344	ill_VDXV6K
947584	ill_VDYFS8
935168	ill_VDZJH4
1114240	ill_VDZK0Y
1005056	ill_VDZMKL
936320	ill_VDZP45
996864	ill_VE0BRU
996608	ill_VE0RG7
1011200	ill_VE0WMY
966528	ill_VE1J31
968448	ill_VE3OSU
1082880	ill_VE3UMZ
1040384	ill_VE4CJK
976128	ill_VE4MCU
878080	ill_VE4MQD
1006336	ill_VE5C77
1009408	ill_VE6LJ7
1068672	ill_VE7C2B
1060096	ill_VE7HKX
895360	ill_VE7KOY
1284608	ill_VE81X7
991488	ill_VE83OQ
971008	ill_VE8FI5
1046656	ill_VE8NR0
1059584	ill_VE8RF4
1037824	ill_VE8VBP
904192	ill_VE94JL
1011456	ill_VE954R
958592	ill_VE9CDN
911360	ill_VE9JP5
1142912	ill_VEBQBC
1023616	ill_VEC8FW
1056512	ill_VECLNN
943616	ill_VEDB1Z
1201920	ill_VEDG1U
1082752	ill_VEED90
1003904	ill_VEEVIP
1044864	ill_VEEYSD
844928	ill_VEFRDA
944128	ill_VEFRKO
1201792	ill_VEHD2Y
1024384	ill_VEI7NG
1038720	ill_VEIYSS
1001472	ill_VEO8N0
1101952	ill_VEOJ4I
1042048	ill_VEOK8R
1092352	ill_VEOO72
884864	ill_VEP80T
926208	ill_VEPCIN
1156608	ill_VEQ5KC
892288	ill_VER2J7
933376	ill_VERZEX
920192	ill_VESUJC
1383296	ill_VETSHN
953728	ill_VEU3OA
858496	ill_VEU81T
1040128	ill_VEUCF2
991232	ill_VEUHU1
1305088	ill_VEUO3D
1162496	ill_VEVFXE
914944	ill_VEW4DS
1038336	ill_VEWEUC
1181440	ill_VEZ7YW
1037952	ill_VEZUDR
1136128	ill_VEZWOK
887680	ill_VF13QQ
1072384	ill_VF1IDW
1065984	ill_VF1KOZ
1033728	ill_VF1M6Y
1031552	ill_VF23JF
913664	ill_VF2Q5P
1255680	ill_VF2UIE
881408	ill_VF436J
1046272	ill_VF48GR
1141248	ill_VF4AEO-dup1
1252096	ill_VF4DSD
990080	ill_VF50S9
1005568	ill_VF53CR
1081856	ill_VF5J2H
1071744	ill_VF64R7
1120384	ill_VF6LCL
1091328	ill_VF734I
1181440	ill_VF735V
917120	ill_VF73NW
906752	ill_VF7D84
927488	ill_VF7XWT
925696	ill_VF84TT
1015424	ill_VF8KUM
907520	ill_VF8NER
925824	ill_VF8Q00
946816	ill_VF9LPS
859776	ill_VFA7TX
1104256	ill_VFAUZ1
972288	ill_VFBW1M
881536	ill_VFC64U
1275520	ill_VFCKVV
994432	ill_VFDNLO
1086720	ill_VFESFK
930432	ill_VFEW39
1199104	ill_VFFGHI
1100800	ill_VFGNRB
895360	ill_VFGPWM
984960	ill_VFHHQN
1180416	ill_VFHVX3
1048576	ill_VFJPCF
1085952	ill_VFJRMI
1432064	ill_VFK4IA
913024	ill_VFKD1E
917504	ill_VFKGL6
1018240	ill_VFKPO9
1032960	ill_VFKVQQ
1154944	ill_VFKY0K
992640	ill_VFLZKF
1098240	ill_VFN61K
990976	ill_VFNDWT
932352	ill_VFNMNC
1039104	ill_VFNMQX
1041664	ill_VFNUW6
1220480	ill_VFOJNG
984960	ill_VFPGHQ
1141888	ill_VFPSDX
1075328	ill_VFQSEI
1127808	ill_VFR59D
1040384	ill_VFRA8A
1044224	ill_VFRTH4
1003008	ill_VFSO8C
1096960	ill_VFSPEO
948096	ill_VFSRVU
878720	ill_VFSXMT
914944	ill_VFT4Q5
967680	ill_VFUUDP
954240	ill_VFV8VW
921344	ill_VFVYBJ
1242880	ill_VFW83R
1214464	ill_VFWOPB
938368	ill_VFXAS9
1089536	ill_VFXVVZ
930560	ill_VFXXKS
1041408	ill_VFYJB2
1005568	ill_VFYN1S
1018880	ill_VFZ765
913280	ill_VFZRX0
1016192	ill_VFZWF3
1212416	ill_VG1FTY
1011456	ill_VG2I1V
910208	ill_VG2PS6
1042688	ill_VG2ZKB
966144	ill_VG36F3
888832	ill_VG36HN
950400	ill_VG3AQD
1038208	ill_VG40EF
873088	ill_VG442A
1101056	ill_VG5FYD
932864	ill_VG71B8
1020928	ill_VG75GW
1132032	ill_VG76GK
1013888	ill_VG8Z98
1064192	ill_VG9SBS
1000320	ill_VG9VFV
1182592	ill_VGAIX6
1127808	ill_VGAK8X
871552	ill_VGCPDM
1101696	ill_VGCQOM
915328	ill_VGCWOT
1046528	ill_VGDE96
1078144	ill_VGDIMA
901760	ill_VGE8X6
1266688	ill_VGEXJI
977792	ill_VGEZ5X
962944	ill_VGF14Y
1053056	ill_VGHF2J
889216	ill_VGHLVX
1144064	ill_VGI7PX
1023360	ill_VGI7Q5
971904	ill_VGIZ15
1030784	ill_VGJDR2
1134336	ill_VGLH2C
933632	ill_VGLNBQ
1017088	ill_VGLOGO
1040768	ill_VGM6AB
1156736	ill_VGMLUK
1038464	ill_VGNNE2
1082368	ill_VGO29I
1033216	ill_VGP5J1
1131008	ill_VGP5R6
870528	ill_VGQ5XJ
876160	ill_VGQMGR
871936	ill_VGRMAC
1075072	ill_VGSM5P
1129984	ill_VGSW7Y
1014144	ill_VGT4IL
980480	ill_VGTB48
1280640	ill_VGU4S7
1037440	ill_VGUTDJ
862848	ill_VGVFGP
1114112	ill_VGW4DS
928768	ill_VGW7JQ
1057920	ill_VGWO5R
968576	ill_VGWZRG
928768	ill_VGXCLN
1027328	ill_VGXMGU
1040896	ill_VGYSAU
991232	ill_VGYWXY
887808	ill_VGZ2B8
954368	ill_VGZ2XW
876416	ill_VGZJVW
923392	ill_VGZKT8
1049856	ill_VGZMGK
930560	ill_VGZXTT
1078272	ill_VH0PS3
966016	ill_VH0QJE
929664	ill_VH0XZX
1003264	ill_VH158F
1075328	ill_VH1B4S
1000704	ill_VH1PC1
1114368	ill_VH1QJ7
935424	ill_VH24V1
936960	ill_VH29VQ
1068672	ill_VH3A20
1034240	ill_VH4BVY
1189120	ill_VH66Q6
1020544	ill_VH7C06
1258752	ill_VH7JT3
931200	ill_VH84K1
920320	ill_VH91CT
972160	ill_VH96KX
983808	ill_VH96UL
918784	ill_VH9C80
881280	ill_VH9W5P
995328	ill_VHA7EA
1143424	ill_VHATLP
1116032	ill_VHB1ER
935424	ill_VHB2F2
916608	ill_VHC1EA
974592	ill_VHC1OA
1255808	ill_VHCR5N
1138688	ill_VHCS90
1041536	ill_VHD2FK
1021184	ill_VHDDR5
860288	ill_VHDPR5
1038208	ill_VHDT0G
1096064	ill_VHEQGZ
1084160	ill_VHEUF9
953984	ill_VHEX54
997632	ill_VHEZ5G
925184	ill_VHFWD7
935808	ill_VHGBTK
894976	ill_VHGSNF
1213312	ill_VHH1W0
1091840	ill_VHH21X
912896	ill_VHH86F
1100160	ill_VHH8EK
1216256	ill_VHI9CU
870528	ill_VHIMG8
907136	ill_VHISYH
1002624	ill_VHJNNV
1069568	ill_VHJS50
924416	ill_VHKBE9
1004416	ill_VHMPAT
944640	ill_VHMW9P
870528	ill_VHN1M0
976128	ill_VHNM0K
1043712	ill_VHNPCE
1064320	ill_VHNZAZ
972288	ill_VHOB0F
1014528	ill_VHOSFY
1134720	ill_VHQ7AC
1159552	ill_VHQGZK
963584	ill_VHQNA7
1066496	ill_VHR2QB
956160	ill_VHRRQX
1123712	ill_VHSOYZ
1109888	ill_VHT981
906752	ill_VHTW7V
933632	ill_VHU57A
1198080	ill_VHUIRX
1082112	ill_VHVE8Z
1147264	ill_VHVL8E
1079552	ill_VHVY0M
989568	ill_VHWGGK
999680	ill_VHWIM2
954752	ill_VHWRAO
922624	ill_VHY3KN
1140608	ill_VHY7T8
1034112	ill_VHYC0R
1222400	ill_VHYUSR
991232	ill_VHYZ1R
1356544	ill_VI05UC
919680	ill_VI0HG1
985728	ill_VI17SD
872832	ill_VI49P2
1055104	ill_VI4BSM
1020544	ill_VI4E6Q
962432	ill_VI4OSB
1066624	ill_VI4SDV
963456	ill_VI5CX9
869504	ill_VI5H0Q
998400	ill_VI5PHD
1004800	ill_VI6BR9
942976	ill_VI6N32
1039104	ill_VI72RB
1077376	ill_VI7FAH
933632	ill_VI7GET
989824	ill_VI7N13
936576	ill_VI7R7J
1034880	ill_VI89J6
1209472	ill_VI8B26
1156608	ill_VI8ISR
1054592	ill_VI8KBK
989696	ill_VI8VZ8
941696	ill_VI980E
1067520	ill_VI9BD1
925824	ill_VI9JA0
1127168	ill_VI9O15
992256	ill_VI9R2T
1205376	ill_VIAJFJ
981760	ill_VIBDJG
1080064	ill_VIBDV2
991488	ill_VIBK6W
1010944	ill_VICIDD
925184	ill_VICXYT
1076096	ill_VIE3LT
954112	ill_VIEJT7
1091968	ill_VIF7BK
985856	ill_VIGZJL
1001344	ill_VII3PN
952192	ill_VII447
948096	ill_VIIHIK
1166976	ill_VIIX94
1097600	ill_VIJ2FQ
1153792	ill_VIJ50U
992640	ill_VIJS2P
941568	ill_VIKFDX
953984	ill_VILDQB
951040	ill_VIMAGY
1040000	ill_VIP6TO
953728	ill_VIQTES
1191296	ill_VIQZMD
966272	ill_VIROJR
894592	ill_VISP6H
1063680	ill_VISPPX
1136512	ill_VISX5G
933760	ill_VITHFR
1170944	ill_VIUZLM
998016	ill_VIV02J
919680	ill_VIVMS4
1094272	ill_VIVOYI
950144	ill_VIW1KV
950400	ill_VIW4PP
1157888	ill_VIW4VT
1287552	ill_VIXA7S
986624	ill_VIYDGY
1201664	ill_VIYFJ1
1053184	ill_VIYPAF
1083136	ill_VIYR4R
1155200	ill_VIZ7JY
997248	ill_VIZEMD
1029248	ill_VJ0IRV
925440	ill_VJ13TV
1037952	ill_VJ1AZM
1111936	ill_VJ2UBT
1158912	ill_VJ3CGI
1074304	ill_VJ3ILR
884992	ill_VJ4T6M
916224	ill_VJ5211
882816	ill_VJ5A2F
998400	ill_VJ6935
1180544	ill_VJ6J5K
871680	ill_VJ6ZX4
984192	ill_VJ865V
907136	ill_VJ8DAT
1240960	ill_VJ9PB6
1286528	ill_VJALWB
1032832	ill_VJAZQJ
1075328	ill_VJB0XB
895872	ill_VJBFQ9
971008	ill_VJCXCZ
1119360	ill_VJEFJG
960512	ill_VJFLVZ
1054848	ill_VJG93G
1097344	ill_VJGLCZ
1065216	ill_VJGNWG
1035392	ill_VJHFZW
893440	ill_VJJAN3
1026048	ill_VJJOTE
1112064	ill_VJJTFZ
1064320	ill_VJKITJ
1116672	ill_VJL8PR
1100800	ill_VJLQGD
997120	ill_VJLSQM
1138048	ill_VJMD0H
1091968	ill_VJNA5X
960768	ill_VJNEPQ
912384	ill_VJOX4H
989568	ill_VJPDB3
930688	ill_VJPT4S
1148416	ill_VJQRBF
928512	ill_VJQSL9
999552	ill_VJR62K
1187840	ill_VJSXFB
1082752	ill_VJT5HM
976640	ill_VJTG9V
893952	ill_VJUA46
957056	ill_VJUCKK
1042048	ill_VJV3VE
1171456	ill_VJV4SA
1010944	ill_VJVD2N
926080	ill_VJVDEN
857728	ill_VJVR8F
1286272	ill_VJVTRO
1096576	ill_VJX5RM
1098112	ill_VJXJCN
1062016	ill_VJXW3O
977536	ill_VJXWUN
1052800	ill_VJY5KH
1181184	ill_VJYGTM
1005312	ill_VJYNPP
943744	ill_VJZ9UB
907776	ill_VK0AS1
938880	ill_VK0DHL
1005824	ill_VK0KYS
917632	ill_VK15H9
923520	ill_VK192D
1022848	ill_VK2Z41
878464	ill_VK38FD
1002496	ill_VK3BC3
982912	ill_VK3GPR
916096	ill_VK4BV4
942208	ill_VK4PTK
982400	ill_VK5EDT
990720	ill_VK5TCU
1109760	ill_VK62QE
1024896	ill_VK68RV
935680	ill_VK6J32
948864	ill_VK6UPU
1037184	ill_VK75TS
1041664	ill_VK7N96
1010304	ill_VK8GKK
858240	ill_VK8QK5
937344	ill_VK9MVQ
987136	ill_VKAE85
1165312	ill_VKATX4
1242496	ill_VKC8SA
944256	ill_VKD64W
1029504	ill_VKEUWG
932224	ill_VKEWV1
1075840	ill_VKF5G4
999552	ill_VKF7RR
1176832	ill_VKF8P5
1064192	ill_VKFBI5
1034112	ill_VKFG0Q
1193600	ill_VKFHE3
904960	ill_VKFJ1V
972672	ill_VKFLIM
978560	ill_VKGLOX
1073152	ill_VKHT3H
907008	ill_VKJVLJ
1273088	ill_VKKYT9
893696	ill_VKLE3A
869632	ill_VKMF69
1034112	ill_VKMYRV
1000448	ill_VKO4IZ
1010688	ill_VKOABJ
1230464	ill_VKOIVW
910720	ill_VKOZXY
1113472	ill_VKQCV6
961280	ill_VKQIZU
938624	ill_VKR391
988032	ill_VKS2ZE
886144	ill_VKS69N
1012608	ill_VKS6M4
1163392	ill_VKSG4K
1097728	ill_VKSWNL
1223680	ill_VKTMAZ
1048448	ill_VKUB0K
900992	ill_VKUHEX
869120	ill_VKUW8T
981376	ill_VKUYA8
965760	ill_VKVAYI
1044864	ill_VKVIWT
930048	ill_VKVJGH
923904	ill_VKWK8O
969344	ill_VKWO2K
1075072	ill_VKX1SB
1056896	ill_VKX4RN
965888	ill_VKXDBA
1006080	ill_VKXVY9
1088256	ill_VKY9HO
924160	ill_VKYZT5
976128	ill_VKZ1LX
1066624	ill_VL08G5
930304	ill_VL0QSS
1085568	ill_VL2QXV
1126016	ill_VL3BNE
1006592	ill_VL3CQI
1015808	ill_VL3YTE
1113984	ill_VL4EV4
890368	ill_VL63BJ
900608	ill_VL6UTA
1010944	ill_VL76KG
880128	ill_VL7GBF
874112	ill_VL8GTZ
1070720	ill_VL8KLM
1076864	ill_VL8YQB
1095552	ill_VL95AH
1020928	ill_VL9SET
1041280	ill_VL9SGN
1244672	ill_VLA5MV
885248	ill_VLB6XN
921216	ill_VLBFMN
896512	ill_VLC38X
1103616	ill_VLC8WS
1157248	ill_VLD38Y-dup1
1084928	ill_VLDIQY
958720	ill_VLDR27
1083520	ill_VLDTT7
1136512	ill_VLE13N
1064064	ill_VLEGC4
937088	ill_VLFQHT
917120	ill_VLHVAI
1065216	ill_VLIJAX
1040768	ill_VLIN2S
1019008	ill_VLINVF
1083008	ill_VLJW9A
1042816	ill_VLKPAA
967680	ill_VLMK5J
1140224	ill_VLNL5L
1116544	ill_VLNZC2
1117056	ill_VLOX6X
974592	ill_VLP13D
1034112	ill_VLPAEQ
1119360	ill_VLPANX
1192192	ill_VLPRN6
1001472	ill_VLQ8JO
1095552	ill_VLRI2K
1083776	ill_VLRVA5
871424	ill_VLSCTS
979456	ill_VLU9Q2
1072512	ill_VLUM7Y
885248	ill_VLUVF1
952192	ill_VLV8KB
1288576	ill_VLW4N4
849408	ill_VLW92V
1125248	ill_VLWM8H
970368	ill_VLXPN3
1012480	ill_VLYYLF
1005568	ill_VLZ378
1181184	ill_VLZSIR
887424	ill_VLZWJD
1033984	ill_VM0355
989824	ill_VM06OR
1130880	ill_VM0DLN
952832	ill_VM0N9D
1071104	ill_VM0X77
1135104	ill_VM10DN
932864	ill_VM11NF
1118976	ill_VM14J6
979328	ill_VM1846
939648	ill_VM1E7S
925440	ill_VM1T1W
970368	ill_VM2ETE
976000	ill_VM2QR6
1057664	ill_VM59UA
1109504	ill_VM6FOP
1045248	ill_VM6LXC
996608	ill_VM6N5L
1108992	ill_VM6XPK
969088	ill_VM6ZKQ
901632	ill_VM72AL
1022208	ill_VM7X3E
963200	ill_VM87HG
1134464	ill_VM8R77
1320192	ill_VM901L
985984	ill_VM9F4C
1147008	ill_VM9INH
1098880	ill_VM9PPT
972544	ill_VMAX9W
1136000	ill_VMB23G
1012736	ill_VMB4V1
972800	ill_VMB8U1
981888	ill_VMBNA8
994304	ill_VMC6H9
939520	ill_VMDUO8
859264	ill_VMDV2X
867200	ill_VMEWF3
1049984	ill_VMEXEG
1051776	ill_VMF9IK
943488	ill_VMFS0X
929792	ill_VMFSOR
948480	ill_VMIPDW
917120	ill_VMJ7UM
1240064	ill_VMJIGS
1013376	ill_VMJVUD
879232	ill_VMKFSI
966400	ill_VMKWWO
901248	ill_VMM39S
953984	ill_VMN87H
1086080	ill_VMNI89
1011712	ill_VMNKO9
1136256	ill_VMNXC0
1069184	ill_VMODDK
963200	ill_VMOEPE
999168	ill_VMP3XV
1156352	ill_VMP5T1
1120384	ill_VMQ74P
890240	ill_VMQ99A
969856	ill_VMRQCT
954624	ill_VMRRWQ
913024	ill_VMS7TR
1061120	ill_VMSK1H
1032448	ill_VMSLRW
903680	ill_VMSN9G
993920	ill_VMT71W
998272	ill_VMTBJR
975488	ill_VMTD4W
954752	ill_VMTNSJ
1030272	ill_VMTTQ3
1086080	ill_VMU8O5
1103744	ill_VMWTB1
1309184	ill_VMWY6J
910976	ill_VMXJOJ
931840	ill_VMY7BP
944256	ill_VMY8WP
1074304	ill_VMYG00
1009280	ill_VMZEZA
1042304	ill_VMZPS4
990848	ill_VMZQ3D
1044992	ill_VN0I2Z
1151744	ill_VN0QRT
958464	ill_VN17VH
1050112	ill_VN1BRJ
1041536	ill_VN1NZJ
952576	ill_VN1ZQF
1125504	ill_VN26S5
978816	ill_VN2WZ5
1044224	ill_VN3F9Z
1085184	ill_VN3X88
932480	ill_VN49UR
1156864	ill_VN5HVM
988032	ill_VN6821
862336	ill_VN6Z2N
994304	ill_VN79S6
997376	ill_VN82H4
1079424	ill_VN82MY
917248	ill_VN8TW5
1005696	ill_VN9EIU
1107712	ill_VN9VJN
952320	ill_VNANKL
1093888	ill_VNARRQ
1092096	ill_VNB54O
1082624	ill_VNCNG4
1057536	ill_VND2S0
1115520	ill_VNDJYN
1055872	ill_VNEPCB
951808	ill_VNEPK5
1141632	ill_VNESQE
1023104	ill_VNEY5D
1002368	ill_VNF7TY
989056	ill_VNFCLU
965632	ill_VNFDEB
1055872	ill_VNFFBI
949248	ill_VNFGPR
895616	ill_VNFOKA
921728	ill_VNFYJL
949888	ill_VNG5IL
982656	ill_VNGHHG
860800	ill_VNGQLZ
1101952	ill_VNGRZW
903808	ill_VNHTOG
1070336	ill_VNHZE6
1062016	ill_VNIDA4
1026560	ill_VNIMGS
1099776	ill_VNIOOQ
999808	ill_VNJOCX
987904	ill_VNMN8R
977792	ill_VNN89Q
1007104	ill_VNNCHP
976640	ill_VNOCNL
1135232	ill_VNPJQ6
1136000	ill_VNQ5GI
1117952	ill_VNQSJI
853632	ill_VNQX61
921856	ill_VNR0VZ
1263744	ill_VNR56H
1138048	ill_VNRX6D
1201152	ill_VNS89H
939776	ill_VNT34C
972800	ill_VNTBNE
1012480	ill_VNTV62
940160	ill_VNUFEQ
1162624	ill_VNUP14
1120384	ill_VNUYDW
1204608	ill_VNV45D
1103360	ill_VNVOI6
933888	ill_VNW9A6
965120	ill_VNW9ZT
1089536	ill_VNWDAJ
1144192	ill_VNYJA0
1033216	ill_VNZ6NQ
839296	ill_VNZPGL
1098496	ill_VO0KDF
936192	ill_VO0SNH
1010560	ill_VO10X6
1078656	ill_VO136C
918656	ill_VO137J
1053312	ill_VO2GY8
915968	ill_VO2T5M
962688	ill_VO3AHF
948096	ill_VO3TPZ
1140352	ill_VO4JPE
895616	ill_VO4T9I
1111680	ill_VO4UIJ
861952	ill_VO51QN
878976	ill_VO615S
873216	ill_VO7OKN
905472	ill_VO8KEN
934144	ill_VO8KRV
1090816	ill_VO99M5
968448	ill_VOA27A
1040896	ill_VOAQZY
1035648	ill_VOAVAO
949504	ill_VOAVHC
1205376	ill_VOBG9V
1084672	ill_VOBZCR
1088000	ill_VOC8OW
951424	ill_VODJKX
1073664	ill_VODRSB
1073792	ill_VOE87W
1053824	ill_VOEKYE
1112320	ill_VOEUON
954240	ill_VOF48A
908160	ill_VOFI2M
1423872	ill_VOFL4F
1175680	ill_VOGJHG
1101056	ill_VOH1MU
1093504	ill_VOHGP3
1246080	ill_VOHZH4
984704	ill_VOITEI
908160	ill_VOIYB6
945920	ill_VOJRKI
1095424	ill_VOK6OK
1076224	ill_VOKWVZ
1120512	ill_VOL824
1090688	ill_VOLN58
1096704	ill_VOLROE
943360	ill_VOM3UI
1022720	ill_VOMGL7
967680	ill_VOMGYR
1062016	ill_VOMIEN
1180416	ill_VOMLT7
1101696	ill_VOMR9B
1069952	ill_VOMVLT
989696	ill_VON1OO
1088128	ill_VON7ML
1043072	ill_VONRWL
1110016	ill_VOO29I
1021568	ill_VOOIMP
1038080	ill_VOP1SN
1180032	ill_VOPAGV
937984	ill_VOPJ66
1077120	ill_VOQGH9
1090944	ill_VOQN6P
1040256	ill_VOQPVZ
993152	ill_VOQVKL
1063296	ill_VORG59
986496	ill_VORKAZ
880384	ill_VORP1W
1232768	ill_VORW0X
1120000	ill_VOSNBO
1088512	ill_VOT6F4
1011200	ill_VOTG1P
1012992	ill_VOTV59
1352576	ill_VOTVAJ
969600	ill_VOUC5X
1067136	ill_VOUH7V
1024896	ill_VOUWF9
1207552	ill_VOV210
1210112	ill_VOVWGM
968576	ill_VOXMEX
984192	ill_VOXT2J
1195520	ill_VOY9J1
1011072	ill_VOYTTK
948480	ill_VOZCYB
1066112	ill_VOZVY6
943488	ill_VP08G6
876288	ill_VP0I94
1164544	ill_VP0LAZ
945280	ill_VP1E9L
966272	ill_VP2G0Z
1101568	ill_VP2L0L
1039104	ill_VP2P3K
1102336	ill_VP2R0N
958720	ill_VP3037
1179008	ill_VP3UH4
1095424	ill_VP4AOS
1135104	ill_VP4CBR
1110272	ill_VP4Q2E
904192	ill_VP59J7
957696	ill_VP5JJE
1126656	ill_VP5W8F
1060224	ill_VP5ZAB
1231104	ill_VP6Y2S
1124224	ill_VP8AMJ
908288	ill_VP8PV0
1082880	ill_VP8PX5
911744	ill_VP8ZEE
941056	ill_VPADD6
904576	ill_VPAQJR
1088000	ill_VPB1AB
1216000	ill_VPBCJE
953472	ill_VPC4LA
1000192	ill_VPD7EA
1043840	ill_VPDPCM
1121024	ill_VPE8BL
930304	ill_VPEB3X
1264640	ill_VPEZ4R
1006464	ill_VPF8F3
1319936	ill_VPGT81
974848	ill_VPHL77
1037824	ill_VPHQUZ
1139840	ill_VPI3HC
971648	ill_VPIGAR
1023104	ill_VPIJ0G
1130496	ill_VPIK16
991232	ill_VPJKHK
1025920	ill_VPJNP0
962304	ill_VPKOZ2
984320	ill_VPL82X
1112192	ill_VPLEJL
1065216	ill_VPM2UP
976256	ill_VPMSNG
980864	ill_VPNE3S
932864	ill_VPNRH4
1063680	ill_VPO5E3
1105664	ill_VPOVJ1
1096064	ill_VPP5FT
866560	ill_VPPAS5
928512	ill_VPQ8OT
894080	ill_VPQUXC
920448	ill_VPT3AV
985088	ill_VPT49P
910976	ill_VPTD0L
945664	ill_VPTF7M
1014016	ill_VPUMXF
1118592	ill_VPWQBS
1149568	ill_VPX3VI
1073664	ill_VPXQ5M
1073792	ill_VPXUOZ
1015552	ill_VPZGBE
962304	ill_VPZUUX
891776	ill_VQ1HHR
1049728	ill_VQ1Q2F
1214592	ill_VQ2927
1052800	ill_VQ314N
1010048	ill_VQ3FT7
992128	ill_VQ4UIF
914432	ill_VQ5VOB
959616	ill_VQ6AHI
1066240	ill_VQ6DFN
1000320	ill_VQ6PCX
906880	ill_VQ6PWW
1118976	ill_VQ6TOF
1082368	ill_VQ7LS0
998912	ill_VQ7P8H
1090048	ill_VQ8K41
1092608	ill_VQ9DGJ
1074432	ill_VQ9NJP
1064064	ill_VQ9VJL
976896	ill_VQA2Y4
1010560	ill_VQB5FK
1031936	ill_VQB9DQ
1119232	ill_VQBE96
1055616	ill_VQBMPT
1031168	ill_VQBTKX
954496	ill_VQCCRA
1013888	ill_VQD5BP
1040512	ill_VQD73F
976384	ill_VQE3KC
1012992	ill_VQEB4Q
943360	ill_VQEP3U
1003520	ill_VQF2MK
1166976	ill_VQF7CE
1020160	ill_VQFHUE
984192	ill_VQFR36
959360	ill_VQFSDB
1079680	ill_VQG2AV
926976	ill_VQG3OF
930176	ill_VQGUJ4
942080	ill_VQHR9V
1109888	ill_VQHZJF
1051392	ill_VQI6N0
1008128	ill_VQK2TS
931328	ill_VQK41X
1011200	ill_VQKCDD
887296	ill_VQKUOK
1089792	ill_VQL6B7
983680	ill_VQLPI3
1132928	ill_VQLV01
883456	ill_VQO0S6
1016832	ill_VQO5VH
1006080	ill_VQQ90U
981376	ill_VQQY3T
1005824	ill_VQRCOI
1105152	ill_VQRDAM
1192192	ill_VQT0Y3
991488	ill_VQT7KE
1032320	ill_VQTF8B
904064	ill_VQUR0B
891392	ill_VQVGVZ
963584	ill_VQVL9I
884352	ill_VQWTOE
1306240	ill_VQWUQN
1161984	ill_VQWWUE
902656	ill_VQX5M0
1111168	ill_VQXAO9
1055232	ill_VQXDHT
1086464	ill_VQXLHZ
1339264	ill_VQY47P
926976	ill_VQYGLL
1203712	ill_VQYRHO
942720	ill_VQYXLB
899968	ill_VQYXZ3
1098496	ill_VQYY88
1163008	ill_VQYZI8
1022208	ill_VQZD4D
1066112	ill_VR00V4
1055360	ill_VR017W
1094144	ill_VR0MOH
1176960	ill_VR19I9
1155456	ill_VR1CXM
914304	ill_VR1GTD
1035392	ill_VR1JOR
1233536	ill_VR1XVI
980480	ill_VR235O
993792	ill_VR2KSA
1104896	ill_VR2RTJ
909952	ill_VR339W
941184	ill_VR4FOM
1042432	ill_VR4UUJ-dup1
1067008	ill_VR54L3
903296	ill_VR5B97
1010176	ill_VR5Y26
1061120	ill_VR67U6
866816	ill_VR684N
1004544	ill_VR693W
927104	ill_VR69X6
932224	ill_VR6V52
972544	ill_VR7IQR
937472	ill_VR8C6C
924544	ill_VR8E19
993536	ill_VR8W6G
1057920	ill_VR9BUD
1009280	ill_VR9PJF
990336	ill_VRADL2-dup1
1015040	ill_VRARMF
992384	ill_VRAVZY
964864	ill_VRAZAX-dup1
1175168	ill_VRBARD
1044864	ill_VRCBO6
1037824	ill_VRDLZF
872320	ill_VRDRQ0
970496	ill_VRDXKW
1110400	ill_VREE6Z
1014656	ill_VREFWA
891136	ill_VREQ3J
993408	ill_VREQLQ
1137280	ill_VREV0N
920576	ill_VRFG0E
1072768	ill_VRFQNO
1114624	ill_VRFYJU
953984	ill_VRGX2M
1184000	ill_VRHMDV
966912	ill_VRKHLF
960512	ill_VRKWFQ
866944	ill_VRL0ZG
931200	ill_VRLSC8
1086592	ill_VRM02Q
962560	ill_VRMITS
1033728	ill_VRNJQU
984832	ill_VRO6RY
1041792	ill_VROC8V
1216000	ill_VROLIU
979328	ill_VRPBN7
908800	ill_VRPMUW
995328	ill_VRPSK0
1114496	ill_VRQ166
988544	ill_VRQ2EW
1059968	ill_VRQMO4
1431168	ill_VRR7DQ
1018496	ill_VRRCD5-dup1
870400	ill_VRRIOL
1171968	ill_VRRRLN
936448	ill_VRSDDJ
980736	ill_VRTGRX
944128	ill_VRTMFX
937216	ill_VRTOVG
930048	ill_VRTYKU
1100672	ill_VRUZFG
1130112	ill_VRVQLE
880256	ill_VRZSL3
1015552	ill_VRZXT6
889216	ill_VS07JA
982400	ill_VS08GD
1319936	ill_VS0ATU
1167232	ill_VS0JN6
1088512	ill_VS0RGM
965632	ill_VS0Z44
1077504	ill_VS1ZST
963712	ill_VS2IG1
906624	ill_VS2Y5X
1001472	ill_VS39X9
949760	ill_VS3DYK
1140480	ill_VS3EWV
1062784	ill_VS4NBP
1056896	ill_VS5F60
929024	ill_VS5G5E
1115520	ill_VS5OEG
1012352	ill_VS5TB5
1037696	ill_VS5X5T
1232512	ill_VS618I
910464	ill_VS7JGZ
1103360	ill_VS8CIG
952576	ill_VS8DSC
1064448	ill_VS8MEX
1046144	ill_VS9A0O
998016	ill_VS9EPY
1221760	ill_VS9O25
1095936	ill_VSAW55
1151616	ill_VSBR7J
978432	ill_VSC0UI
1128832	ill_VSCAXD
912256	ill_VSD1UZ
1052544	ill_VSDAJE
965632	ill_VSDHN8
961408	ill_VSE210
860544	ill_VSEFK9
1050624	ill_VSF81E
943488	ill_VSFHH6
709376	ill_VSGFUT
1091584	ill_VSGU7L
1169664	ill_VSH1WE
883072	ill_VSH6RW
916224	ill_VSHD6H
921472	ill_VSIMJ7
1127040	ill_VSIWOC
1084544	ill_VSIX5I
973056	ill_VSJXR4
920064	ill_VSK5HW
1042688	ill_VSK67I
1140992	ill_VSKHLT
1027712	ill_VSKVAM
983424	ill_VSL4PK
1131264	ill_VSL827
952448	ill_VSLH6O
892288	ill_VSLHR2
1044608	ill_VSLJJR
983296	ill_VSLWCM
966912	ill_VSM7HL
1042944	ill_VSMUOH
929920	ill_VSMZLQ
1106688	ill_VSNAX3
1231616	ill_VSP4FT
1091712	ill_VSPM3K
1051520	ill_VSPQHK
964992	ill_VSQ8XR
1135488	ill_VSR56V
1001344	ill_VSSOJQ
1049344	ill_VSSQ75
1137536	ill_VSSWWX
884224	ill_VSSY8Y
1045248	ill_VSTACS
962688	ill_VSTN10
970880	ill_VSTPXP
944256	ill_VSULLW
962560	ill_VSVGGQ
1088384	ill_VSVU88
1140352	ill_VSWSNY
926208	ill_VSX1M8
950912	ill_VSX9C2
989056	ill_VSXBS8
915456	ill_VSXHDG
963072	ill_VSXZII
1029248	ill_VSY0KT
980096	ill_VSY399
905344	ill_VSYLAG
994688	ill_VSZ99C
978944	ill_VSZC0T
1067904	ill_VSZNV3
1068288	ill_VT0NJY
1047424	ill_VT1CWP
919552	ill_VT1IVC
1043840	ill_VT2F0R
1067904	ill_VT2KB9
954240	ill_VT2O2F
964480	ill_VT40XO
1085056	ill_VT4HF4
983680	ill_VT5UOH
1088128	ill_VT6NQC
948096	ill_VT71IH
989184	ill_VT80ZA
869504	ill_VT8EKH
1013120	ill_VT8INW
871296	ill_VT9BGT
1086848	ill_VTA6TD
930176	ill_VTALEJ
881792	ill_VTARO6
915328	ill_VTCEZ2
958080	ill_VTCFL1
956928	ill_VTD3D4
1001728	ill_VTDAHZ
1110400	ill_VTDB6G
1017984	ill_VTETOY
955008	ill_VTEVPI
1243520	ill_VTFDDH
1136768	ill_VTFFPJ
978304	ill_VTGDYY
915968	ill_VTL79A
1133440	ill_VTL94P
1095936	ill_VTNHLT
1026176	ill_VTOBAU
1064576	ill_VTOZBW
1001984	ill_VTP6JE
1004928	ill_VTPGT9
1040640	ill_VTQ28C
1096448	ill_VTQNH8
1032064	ill_VTSBVR
929664	ill_VTSDNR
1021440	ill_VTT6CY
1009152	ill_VTTYB4
935680	ill_VTUQVL
899072	ill_VTVFT1
1059584	ill_VTWLDB
1045248	ill_VTWUM8
913664	ill_VTYCZ2
1008000	ill_VTZW8F
997376	ill_VU0WT9
901376	ill_VU1RHC
1132288	ill_VU27ZK
1027712	ill_VU29SB
1068672	ill_VU37VZ
987520	ill_VU3NON
1087488	ill_VU4OMZ
1156608	ill_VU4UJ1
1236224	ill_VU546G
1040256	ill_VU5679
903424	ill_VU5PYH
1187200	ill_VU6V3M
1008000	ill_VU6VE5
1161344	ill_VU76CR
1016064	ill_VU84FM
1031552	ill_VU96B3
981632	ill_VU9M1X
1021568	ill_VU9UKB
918144	ill_VUAHEP
1095936	ill_VUAP4E
1001856	ill_VUBUXB
910336	ill_VUCGX0
989440	ill_VUCVXM
1251968	ill_VUD8XW
1065600	ill_VUDHJ2
1098240	ill_VUE53R
1089024	ill_VUEKUS
1072640	ill_VUFUYN
921088	ill_VUFV3X
1077248	ill_VUFZED
1021568	ill_VUGP8W
992512	ill_VUH3CJ
1119744	ill_VUH7UI
1047552	ill_VUHK2Z
1104512	ill_VUIX94
1045504	ill_VUJ829
1003520	ill_VUJA03
859136	ill_VULDEN
1184128	ill_VULOFQ
1011200	ill_VUM9RG
1050880	ill_VUMB0Y
907648	ill_VUN4N4
1051520	ill_VUO1B2
1063040	ill_VUO5I7
1046784	ill_VUPK67
1042432	ill_VUR0YN
1337216	ill_VUSLFL
1030784	ill_VUSPBL
1046272	ill_VUUBDF
986624	ill_VUUDII
931456	ill_VUUI0H
938880	ill_VUUOIT
1098624	ill_VUURRJ
1002112	ill_VUV3QJ
1006080	ill_VUVG0D
1008256	ill_VUVJ4Y
868736	ill_VUVXJ3
1107712	ill_VUW88M
921344	ill_VUXZVX
1050496	ill_VUY404
897920	ill_VUYF16
1007744	ill_VUYRU9
926720	ill_VUZJOJ
898944	ill_VUZKIP
1009152	ill_VV0MRX
1027456	ill_VV1U4T
1044864	ill_VV1WMI
1092352	ill_VV2GX8
957568	ill_VV3BC7
1409152	ill_VV3FPX
1022464	ill_VV3NTG
898176	ill_VV3YV8
1024512	ill_VV45IR
41600	ill_VV5SGU
977536	ill_VV639H
1063680	ill_VV6EYV
918016	ill_VV71E6
985856	ill_VV7XIW
1035904	ill_VV877S
1040256	ill_VV8PRZ
1055104	ill_VV8Z54
1091072	ill_VV9PVW
1179904	ill_VV9YAM
1110016	ill_VVAE9L
911744	ill_VVAQZJ
1056128	ill_VVBI5V
1020416	ill_VVC35T
951296	ill_VVCMVB
1080320	ill_VVEIXI
1052288	ill_VVGG3U
1350784	ill_VVGMJE
940416	ill_VVH18D
1106560	ill_VVHM1U
956416	ill_VVHRJD
1071872	ill_VVIEIZ
994688	ill_VVIPKR
1066368	ill_VVIPL7
970880	ill_VVJ28F
970368	ill_VVJS40
1047936	ill_VVJW1D
898560	ill_VVK3XC
1008256	ill_VVLCP6
1002240	ill_VVLHKJ
1181568	ill_VVLSK3
926080	ill_VVMFY7
1124096	ill_VVMH8R
972544	ill_VVMU5W
943104	ill_VVOBA0
1304192	ill_VVP85X
904704	ill_VVQEDC
1015040	ill_VVQZMP
883840	ill_VVRBSV
919040	ill_VVRPGF
1114624	ill_VVS7GN
1073792	ill_VVS9OY
1188224	ill_VVS9ZY
1131904	ill_VVSB7A
912256	ill_VVUUAW
919808	ill_VVVAHX
1015552	ill_VVVC0F
981376	ill_VVVODK
1040128	ill_VVWWEJ
934144	ill_VVX1AJ
925696	ill_VVYRCJ
1060608	ill_VW1191
43904	ill_VW185G
1026432	ill_VW29UH
1074944	ill_VW2AGB
1123072	ill_VW3A3N
1157376	ill_VW3KY7
1226112	ill_VW4N4P
1089664	ill_VW575C
948608	ill_VW59XJ
1088000	ill_VW5BRB
997632	ill_VW5DGL
1065728	ill_VW5GRH
1077376	ill_VW5OH8
1080576	ill_VW622R
883328	ill_VW683D
1078144	ill_VW6GPH
1024768	ill_VW6QOI
1023360	ill_VW6TX4
933120	ill_VW7FU7
930304	ill_VW8DN6
1074816	ill_VW8KUI
899584	ill_VW8N3H
1076352	ill_VW9L3E
899968	ill_VWALAI
1220096	ill_VWBH1L
1034112	ill_VWBL93
1156608	ill_VWBMOB
980992	ill_VWBZ6D
1073792	ill_VWC1V7
1158400	ill_VWD8FI
1049856	ill_VWDJSA
907008	ill_VWDYPE
982784	ill_VWF3HM
952960	ill_VWF7B6
950912	ill_VWFEGE
1089920	ill_VWG960
964608	ill_VWGA93
995328	ill_VWGBH0
1082496	ill_VWGSZQ
1067264	ill_VWGYMZ
1240320	ill_VWH508
1021312	ill_VWIFK7
1019520	ill_VWJHOD
880896	ill_VWKCGE
1027456	ill_VWKR11
901760	ill_VWKZ0R
780416	ill_VWLCBR
1125888	ill_VWLZJN
1008768	ill_VWM167
1058048	ill_VWM3TF
1227136	ill_VWM3TQ
942080	ill_VWM7XY
1096576	ill_VWN6W0
1054720	ill_VWNFTU
1018368	ill_VWO9OM
1051136	ill_VWP2I5
954496	ill_VWPC7H
1046656	ill_VWPR2L
1031296	ill_VWQ8LQ
1266816	ill_VWQFU2
981120	ill_VWQMAK
1119488	ill_VWRD3T
1209216	ill_VWRSLA
1015040	ill_VWS2Q4
1138944	ill_VWSHOI
1012992	ill_VWSUHB
993024	ill_VWT2R8
1040384	ill_VWTYJT
1196032	ill_VWU26B
909056	ill_VWVHMO
1056000	ill_VWVHZE
925184	ill_VWW8IN
1107712	ill_VWWX1X
1017088	ill_VWX93I
1019648	ill_VWX9IF
971520	ill_VWXKPI
1025024	ill_VWXSYY
911360	ill_VWZEWE
961280	ill_VWZL8M
922624	ill_VWZXUB
1000064	ill_VX0PX6
910464	ill_VX2W7U
1103360	ill_VX30HA
1077888	ill_VX38KB
1059584	ill_VX38WF
1188480	ill_VX4EUO
1090304	ill_VX5N7I
1106176	ill_VX5U44
1099136	ill_VX63E0
1025024	ill_VX64PI
1003520	ill_VX6G26
982016	ill_VX6S2O
1068032	ill_VX72LD
1001216	ill_VX7EQ1
1078528	ill_VX8HDR
1264128	ill_VX9RWB
961536	ill_VX9Z3C
989696	ill_VXAIBG
1008256	ill_VXBMQR
920704	ill_VXCM76
1085312	ill_VXD3O2
1164288	ill_VXD4WU
1128960	ill_VXDIM1
1073152	ill_VXDTV6
1064704	ill_VXEZEM
1222912	ill_VXF28B
936960	ill_VXF8T3
1114624	ill_VXFG0K
988288	ill_VXGCCZ
1038208	ill_VXGRN0
940416	ill_VXI644
1286016	ill_VXI6G1
935424	ill_VXJ3KK
1047296	ill_VXJXFE
1016192	ill_VXKU72
955776	ill_VXKYPO
959360	ill_VXL3GC
1030144	ill_VXLDIP
985600	ill_VXLKFV
1218944	ill_VXLMM4
971520	ill_VXN2H8
951808	ill_VXNEKE
992768	ill_VXOAVV
940672	ill_VXOTKX
1368832	ill_VXQVSJ
1079296	ill_VXQY6V
1215744	ill_VXRM5W
1112192	ill_VXRPWK
931840	ill_VXRT9Y
1060608	ill_VXRVLR
1035392	ill_VXSG83
1049856	ill_VXT9A3
1052672	ill_VXT9A6
1231616	ill_VXTIZY
1050880	ill_VXUGXK
1100160	ill_VXVOUE
900480	ill_VXVYX8
964992	ill_VXWUK7
964864	ill_VXXJ9D
987520	ill_VXZTBT
919808	ill_VY0VG1
1057024	ill_VY1744
1095680	ill_VY1MD3
977152	ill_VY1MGO
995456	ill_VY1Y1Y
930048	ill_VY25ST
927104	ill_VY2CA4
1017600	ill_VY2EDD
960896	ill_VY2X73
1156736	ill_VY31L5
944896	ill_VY36ZZ
1117056	ill_VY3BDQ
1121152	ill_VY53DF
953472	ill_VY5LA8
943360	ill_VY75TM
981760	ill_VY824V
1066368	ill_VY8NWU
1118336	ill_VY8TD7
954624	ill_VY8TVB
1136512	ill_VY8V5H
980480	ill_VY9T1U
1034240	ill_VYAHM9
888960	ill_VYAI5J
996352	ill_VYAXOA
866176	ill_VYBENH
992896	ill_VYBILN
1001088	ill_VYBPKM
980864	ill_VYBQC2
1109760	ill_VYBVHT
1054080	ill_VYBWF5
1194240	ill_VYCU1M
993920	ill_VYDEMO
1056384	ill_VYEJPY
984192	ill_VYGCM7
1038720	ill_VYH78A
938240	ill_VYH8S5
1054976	ill_VYHHE1
1023104	ill_VYHIBD
936320	ill_VYHR28
897024	ill_VYHVL7
1071360	ill_VYI4ZJ
947072	ill_VYIC4O
1063552	ill_VYIC70
903424	ill_VYIISP
877056	ill_VYJOVS
956032	ill_VYJX9R
1272064	ill_VYJY1Q
997888	ill_VYL9BR
979200	ill_VYMT00
971520	ill_VYN8HQ
864768	ill_VYNR2D
983552	ill_VYOWGU
1016320	ill_VYOWVQ
1043328	ill_VYP34W
1081472	ill_VYPSY8
956800	ill_VYR5E2
1079936	ill_VYRK9P
936576	ill_VYRPJD
902784	ill_VYS7CL
1044096	ill_VYS8D6
1096064	ill_VYSCTF
1105280	ill_VYST3I
1112832	ill_VYT2M7
1100544	ill_VYTM45
953472	ill_VYTTP7
1120768	ill_VYTUQB
959872	ill_VYUQHR
1046272	ill_VYUSMX
1095936	ill_VYV2O5
986112	ill_VYVFO8
1133312	ill_VYW543
1088640	ill_VYWBYK
939520	ill_VYWF1G
1060480	ill_VYWGO6
1063808	ill_VYWOWJ
887552	ill_VYXJ7L
613504	ill_VYYD6V
926208	ill_VYYIUL
1012224	ill_VYZ4IW
1104768	ill_VYZFIT
962944	ill_VZ04WF
987904	ill_VZ130X
992768	ill_VZ1AH2
996864	ill_VZ1KA0
981760	ill_VZ24LG
959104	ill_VZ2RA7
1049216	ill_VZ31BQ
1078016	ill_VZ3XB1
1140864	ill_VZ4EH6
926080	ill_VZ4H9M
1156352	ill_VZ5D83
1000064	ill_VZ5RV3
1060096	ill_VZ5XUL
988672	ill_VZ6D5K
1075072	ill_VZ6Z5D
1066496	ill_VZ7UAZ
1019136	ill_VZ7YSM
1068928	ill_VZ88EA
1036544	ill_VZ8AXD
1007232	ill_VZ9NE7
1138176	ill_VZC7MM
1057792	ill_VZCLH2
991872	ill_VZDFL5
1100928	ill_VZDRC2
1153152	ill_VZE0LQ
1158144	ill_VZESF9
876672	ill_VZEXSW
934016	ill_VZF51Q
965504	ill_VZG7T1
1120384	ill_VZGDBV
879872	ill_VZGZLV
1107328	ill_VZHO9I
1010944	ill_VZHOAT
960768	ill_VZHXCJ
1040128	ill_VZIBYI
1003392	ill_VZIO94
924672	ill_VZIVTO
1061632	ill_VZJ5WW
1227904	ill_VZJICJ
1069696	ill_VZK77E
1039616	ill_VZMDR2
1027072	ill_VZMLUK
930944	ill_VZMYSB
1028224	ill_VZOC83
940032	ill_VZOMOW
1374208	ill_VZPE35
924800	ill_VZQLWU
896256	ill_VZQYWY
944384	ill_VZR2LZ
977408	ill_VZR42V
985088	ill_VZR688
1067904	ill_VZSPJW
1019904	ill_VZSQ0C
963712	ill_VZTMOW
1135616	ill_VZUFR8
1126656	ill_VZWEWM
1281536	ill_VZX4FX
1014784	ill_VZXIHP
884864	ill_VZY957
913408	ill_VZYSJ2
1117952	ill_VZZ0KO
1024768	ill_VZZW6V
