5015552	bgi_CRC003
9067904	bgi_CRC004
5584384	bgi_CRC005
7581696	bgi_CRC006
4435968	bgi_CRC010
6024064	bgi_CRC018
10558592	bgi_CRC019
5281536	bgi_CRC020
6523648	bgi_CRC021
7669760	bgi_CRC022
5029632	bgi_CRC023
5586176	bgi_CRC025
4797952	bgi_MB04-B10
7288320	bgi_MB06-H2
7251712	bgi_MB07-A5
4884352	bgi_MB11-B1
1436416	bgi_MB14-G7
5771904	bgi_MB15-H4
5265664	bgi_MB16-D11
5547776	bgi_MB20-E6
6268032	bgi_MB22-E10
7818880	bgi_MB24-C10
10389248	bgi_MB24-F10
3437824	bgi_MB26-H4
6236160	bgi_MB-FIT006
7097216	bgi_MB-FIT008
6432128	bgi_MB-FIT022
4329088	bgi_V00H9L
6592256	bgi_V010T4
5826176	bgi_V03HFT
3415168	bgi_V03ZU2
11623168	bgi_V0404P
4633856	bgi_V045JG
10321664	bgi_V04J9U
4718848	bgi_V04PTT
5616896	bgi_V04YHL
3506944	bgi_V05N83
7777408	bgi_V05U4U
4826496	bgi_V06KB2
4482560	bgi_V06KFU
5374720	bgi_V06SEH
4461056	bgi_V0874O
4873344	bgi_V08XFS
1933440	bgi_V09EVV
6623744	bgi_V0AID4
6678784	bgi_V0AMNJ
8682880	bgi_V0APMK
7232384	bgi_V0BI0R
8648064	bgi_V0BVU1
4094592	bgi_V0CQP6
5287168	bgi_V0D5WV
6212608	bgi_V0DKRO
3071360	bgi_V0ETQ8
7163392	bgi_V0F9CA
6707584	bgi_V0IQLM
6184960	bgi_V0IY5L
3584000	bgi_V0L3ZF
9996032	bgi_V0L9VT
7804928	bgi_V0LIS3
11333248	bgi_V0LQ4N
7198464	bgi_V0N1JE
11078272	bgi_V0O0SI
4687616	bgi_V0O2SL
5484416	bgi_V0OK4P
5387776	bgi_V0OQ7E
5325696	bgi_V0RG9C
4190336	bgi_V0RM90
3918080	bgi_V0SB8J
6502400	bgi_V0SVA4
6307456	bgi_V0VB50
12271872	bgi_V0W7HW
5201792	bgi_V0WV71
6270336	bgi_V0X1YJ
2716672	bgi_V0X3ZZ
6755584	bgi_V0XUBQ
3312256	bgi_V0YSOI
4906496	bgi_V0ZBIG
3741440	bgi_V0ZWZC
8404096	bgi_V10GYU
4584832	bgi_V10WZV
2962688	bgi_V110EY
3874944	bgi_V110PY
6472960	bgi_V11J4E
7917824	bgi_V124P8
4625024	bgi_V137O7
2250496	bgi_V13BQC
6161280	bgi_V14WFH
7106816	bgi_V16IAN
6259584	bgi_V16X45
2068352	bgi_V18BEQ
3127296	bgi_V19CVF
5901184	bgi_V1B2IT
7065472	bgi_V1BPF7
8901248	bgi_V1C5D9
4797312	bgi_V1CI71
4975744	bgi_V1DVG1
7546624	bgi_V1EHS4
5339648	bgi_V1EITB
4308480	bgi_V1F5KO
6063232	bgi_V1FI7F
7070592	bgi_V1FYCG
5228928	bgi_V1H58G
7439104	bgi_V1HQZB
6600320	bgi_V1JCFD
6630016	bgi_V1M14M
4614272	bgi_V1NN6P
5385472	bgi_V1OELW
5436288	bgi_V1PK1B
6350336	bgi_V1QE01
6144640	bgi_V1SUTZ
10643200	bgi_V1T1XL
5333504	bgi_V1TT57
3534080	bgi_V1UZD7
8180224	bgi_V1WQ4B
11079424	bgi_V1WZON
5806080	bgi_V1Y06F
8458752	bgi_V1Y210
3267200	bgi_V1YEIC
1972096	bgi_V1ZCZ8
7168000	bgi_V20PN5
5791104	bgi_V2144Z
4137984	bgi_V218Q5
5047808	bgi_V228GG
6509440	bgi_V22M5I
5502592	bgi_V22OST
4628096	bgi_V23DES
1283456	bgi_V23FFG
4932992	bgi_V23IHW
5921280	bgi_V23PXU
5097600	bgi_V247S0
9599872	bgi_V25RI2
5702016	bgi_V25ZP5
6678912	bgi_V26SW4
10860160	bgi_V27TGZ
7053952	bgi_V2906Q
8462592	bgi_V2930P
5425024	bgi_V296TD
5961984	bgi_V2A14B
9235584	bgi_V2ACZT
5590272	bgi_V2BQZS
5050752	bgi_V2CRYT
9911424	bgi_V2D5Y7
4541056	bgi_V2E7YL
6716800	bgi_V2EKJ0
3739392	bgi_V2GRUA
1613952	bgi_V2HZEE
5235328	bgi_V2IK6G
7201024	bgi_V2J7I2
2628736	bgi_V2K00U
6676096	bgi_V2KKNM
2126080	bgi_V2L5KC
2685952	bgi_V2MEDT
4918016	bgi_V2MRMT
5558016	bgi_V2NES5
11527936	bgi_V2NNDS
6898816	bgi_V2O859
8029568	bgi_V2O8PG
5219584	bgi_V2PGYS
4279040	bgi_V2PIKN
4581504	bgi_V2PPRV
1780608	bgi_V2T5HV
4518400	bgi_V2TGVB
6934272	bgi_V2TSIZ
5408384	bgi_V2TT8Z
7595136	bgi_V2UG26
4711168	bgi_V2V54E
6438144	bgi_V2VJWP
4236288	bgi_V2VUHI
1942912	bgi_V2WT3L
6439424	bgi_V2WUG8
10046208	bgi_V2WX6R
1898752	bgi_V2Y9TX
7716352	bgi_V2ZAEY
4424704	bgi_V2ZR8J
5748480	bgi_V2ZRYJ
7456768	bgi_V31FC7
11456768	bgi_V3276M
4257536	bgi_V32DY7
11175808	bgi_V32MIP
6457216	bgi_V33DNK
7103616	bgi_V349J9
4983808	bgi_V35L2C
5075328	bgi_V35QEW
4935936	bgi_V35YLP
4790784	bgi_V36UY6
8901632	bgi_V36VGE
5409920	bgi_V3844L
2478336	bgi_V388BR
4142080	bgi_V38FGV
6584576	bgi_V38PS1
2952064	bgi_V38TA2
4053248	bgi_V39XFJ
5668224	bgi_V3B6EO
9654400	bgi_V3B9IM
3986688	bgi_V3DSSB
8377600	bgi_V3EQF3
4580864	bgi_V3GX6P
11936256	bgi_V3H8VH
8682368	bgi_V3HFCP
5262208	bgi_V3HR5H
7096576	bgi_V3I3CS
7883520	bgi_V3I3JQ
9435648	bgi_V3IB73
6761472	bgi_V3K654
7598848	bgi_V3KBMR
6156288	bgi_V3LK6T
3347072	bgi_V3M9D5
10137472	bgi_V3MK5S
7725440	bgi_V3MKJX
4449408	bgi_V3MZNT
6193792	bgi_V3NRFY
2689664	bgi_V3OM5L
2474240	bgi_V3PRGW
5549952	bgi_V3QRHD
5961984	bgi_V3QWML
5389952	bgi_V3R0O9
4894848	bgi_V3RGCA
6406784	bgi_V3SIEJ
8192768	bgi_V3TLP0
5133824	bgi_V3U9VV
6903296	bgi_V3V4R5
5769856	bgi_V3V8M0
10088448	bgi_V3VRBX
3994624	bgi_V3VRTM
6588672	bgi_V3W65A
1835776	bgi_V3WJXK
4769408	bgi_V3WVLS
2318464	bgi_V3XFBU
4314112	bgi_V3ZZZH
9793664	bgi_V403E2
11096576	bgi_V40FOF
11564800	bgi_V412BS
4413952	bgi_V41WWG
7456000	bgi_V422N7
5264384	bgi_V42X50
4804480	bgi_V4388S
5127808	bgi_V43FMX
7667328	bgi_V43NBV
3748992	bgi_V44HJG
7907072	bgi_V44S08
2545536	bgi_V45C0T
4343040	bgi_V45N04
5654016	bgi_V46GGV
11100544	bgi_V46NG6
1856768	bgi_V47DHC
6536832	bgi_V47GD0
6379136	bgi_V4824I
4535040	bgi_V49CSW
6364800	bgi_V4AA4Y
8578688	bgi_V4ALXV
4729600	bgi_V4BDZE
6386688	bgi_V4BF1X
7288448	bgi_V4CLBM
5326848	bgi_V4CXS7
4894208	bgi_V4EHO7
5241472	bgi_V4EROO
6508032	bgi_V4HFBS
6198272	bgi_V4HMN4
8371840	bgi_V4HQPV
3059200	bgi_V4IZR2
5243264	bgi_V4IZWO
4553088	bgi_V4J3DG
6438144	bgi_V4JH2B
6585728	bgi_V4K1M4
2059776	bgi_V4KB4U
3993216	bgi_V4KZ09
11558400	bgi_V4L9I1
7752448	bgi_V4LPYS
6288640	bgi_V4LXO6
5327232	bgi_V4NQIN
5709952	bgi_V4NR6R
5726464	bgi_V4O7YS
9916160	bgi_V4OF9T
11254400	bgi_V4OKLR
6007296	bgi_V4OU5B
3458176	bgi_V4OUOI
7073024	bgi_V4PAWM
6316544	bgi_V4R2BO
5719040	bgi_V4RE1W
2417152	bgi_V4S8AO
2765184	bgi_V4SFLT
4505600	bgi_V4SYGX
5452416	bgi_V4T8FP
4052992	bgi_V4T9C9
1530624	bgi_V4TQU7
6051712	bgi_V4U4F1
5918336	bgi_V4UO31
4529024	bgi_V4UTSV
2194944	bgi_V4V8L2
7044224	bgi_V4VMJ8
5126272	bgi_V4X3XF
4004608	bgi_V4Y7HA
6282880	bgi_V4Y8TL
6395904	bgi_V4Z0XV
6002816	bgi_V4Z3GI
5359232	bgi_V4ZIYY
5433856	bgi_V502CT
5425408	bgi_V51DMC
8074240	bgi_V51GBD
5624320	bgi_V51OWV
6328192	bgi_V528AK
4923520	bgi_V538VT
8814848	bgi_V53FDC
6071936	bgi_V53IWZ
5072000	bgi_V53X58
9789696	bgi_V549I8
3336064	bgi_V54HHN
10316288	bgi_V55KOT
7478528	bgi_V56X8J
6410496	bgi_V57SFJ
4550528	bgi_V58H3M
10475520	bgi_V5A626
3538560	bgi_V5CSNP
5110016	bgi_V5F8BY
7664384	bgi_V5F9JY
5387136	bgi_V5FT1E
9183360	bgi_V5G37R
5671040	bgi_V5GQ5O
5909248	bgi_V5HE1I
5275264	bgi_V5IE2U
4607360	bgi_V5IPFI
4081920	bgi_V5IRLB
4040192	bgi_V5K18Z
6487936	bgi_V5KQYE
4468992	bgi_V5LLKT
7041920	bgi_V5M6T7
3524224	bgi_V5MLEE
5597952	bgi_V5NIUH
6306304	bgi_V5PHPV
5696128	bgi_V5PYEC
8823168	bgi_V5QHW0
3945472	bgi_V5QIRQ
2650240	bgi_V5QR5X
4326016	bgi_V5RCKV
5460096	bgi_V5RFHW
4988928	bgi_V5RT3Y
1661952	bgi_V5S53T
5463424	bgi_V5SBKS
2672896	bgi_V5TGN9
4389632	bgi_V5ULXX
4284160	bgi_V5V7M1
5399552	bgi_V5VXYK
1765760	bgi_V5XWC4
4848512	bgi_V5Y6CN
4710656	bgi_V5YC9E
7730432	bgi_V5ZSBB
8556928	bgi_V601ZE
4528768	bgi_V60A10
10988544	bgi_V60HX3
11084800	bgi_V61GT1
12446336	bgi_V61VLS
5423616	bgi_V6255X
9075072	bgi_V62CWJ
11939456	bgi_V62ZVR
5543552	bgi_V63613
7873664	bgi_V63O1J
4623744	bgi_V63S5Q
5800192	bgi_V643W3
6255616	bgi_V64BY5
6242304	bgi_V667ET
5601536	bgi_V66RV6
3404032	bgi_V66SVJ
6058112	bgi_V67E83
5133568	bgi_V67RSJ
4414208	bgi_V680SY
12260224	bgi_V68KXR
5823232	bgi_V69MNU
5273472	bgi_V6A7TA
6350080	bgi_V6B09P
6099840	bgi_V6DKWB
7857152	bgi_V6DO26
7022592	bgi_V6DPVZ
6006016	bgi_V6ERPW
3269376	bgi_V6FAO7
6256896	bgi_V6G6IG
4519424	bgi_V6H0MM
6428544	bgi_V6HUPY
6119168	bgi_V6JQBG
8014336	bgi_V6LFOA
5234048	bgi_V6LGKV
5346304	bgi_V6LSYW
7436672	bgi_V6MAK5
5730944	bgi_V6OS4F
7339008	bgi_V6P7D2
7122304	bgi_V6PGJM
6729216	bgi_V6QVBQ
4827392	bgi_V6QVQM
5719040	bgi_V6RL47
4521728	bgi_V6SF50
5477760	bgi_V6SUUS
6075392	bgi_V6SZC7
2686976	bgi_V6TYKF
8538240	bgi_V6U9CP
5363584	bgi_V6V27N
6080768	bgi_V6VKWU
6668672	bgi_V6VPVZ
4542720	bgi_V6WAJC
5720832	bgi_V6WFKS
6578304	bgi_V6XH8G
7868672	bgi_V6YM6N
1052672	bgi_V6ZTSI
11178752	bgi_V704VW
5674752	bgi_V70F47
2900736	bgi_V75JUD
7990016	bgi_V76NWH
6963968	bgi_V76R3R
5469056	bgi_V7737A
10846336	bgi_V7774F
6464128	bgi_V77S6P
4594560	bgi_V79TII
5343744	bgi_V79WFU
4807552	bgi_V7B29S
3447936	bgi_V7BS70
6223488	bgi_V7CDL5
5571968	bgi_V7CKE8
9339264	bgi_V7EM4L
5799296	bgi_V7FFHH
2444544	bgi_V7FP9K
6484352	bgi_V7FW1R
6613760	bgi_V7H80T
4807040	bgi_V7HAZ8
7091840	bgi_V7HJF3
5105408	bgi_V7I6LF
9612544	bgi_V7IKOL
5690752	bgi_V7IMXI
5412352	bgi_V7K3RV
3321472	bgi_V7LAPG
6646400	bgi_V7LVPE
3666176	bgi_V7MUGL
6209920	bgi_V7NMEF
2526336	bgi_V7O2TS
6057344	bgi_V7OJZJ
4441984	bgi_V7OQ6K
2623488	bgi_V7OWGM
4968448	bgi_V7P0DC
5489536	bgi_V7QAH0
5446784	bgi_V7QC6G
2728832	bgi_V7QQFG
5478400	bgi_V7R14R
3347712	bgi_V7RTZY
4326016	bgi_V7RW2S
5497600	bgi_V7S9L3
4620544	bgi_V7SA3J
3378688	bgi_V7SILO
4420480	bgi_V7SOO2
2482048	bgi_V7TBJ3
3147392	bgi_V7U5FH
6098432	bgi_V7UCXM
5985664	bgi_V7VDAG
5182720	bgi_V7WXC4
6011520	bgi_V7WYEK
8222336	bgi_V7Z87V
1750016	bgi_V80RKP
7398144	bgi_V81G8X
7170176	bgi_V83E8E
6581760	bgi_V83J8S
7427584	bgi_V840ET
5451264	bgi_V8417B
6497792	bgi_V86C7X
5740416	bgi_V86YNU
3321600	bgi_V86Z0W
4578432	bgi_V87R7C
8718464	bgi_V887SA
4422272	bgi_V88BZU
3808512	bgi_V88HBJ
7042944	bgi_V89PC5
7156224	bgi_V89RUE
8049024	bgi_V8A6PN
4797824	bgi_V8A98P
7310848	bgi_V8B7AS
5729152	bgi_V8BF42
7310848	bgi_V8D7YS
5954176	bgi_V8DTN6
7159936	bgi_V8DUSF
9591040	bgi_V8EA78
7726208	bgi_V8EITX
7933824	bgi_V8F17Q
10428160	bgi_V8F1JC
4684416	bgi_V8FXNG
5684224	bgi_V8GA84
4573952	bgi_V8GRSX
3496320	bgi_V8HDFI
3303680	bgi_V8I8N1
4676992	bgi_V8IY68
8653184	bgi_V8IZTN
8446976	bgi_V8J4MU
4220928	bgi_V8J5VL
6087680	bgi_V8J895
5197952	bgi_V8K3YM
6621056	bgi_V8L57V
7248000	bgi_V8L9OK
6686720	bgi_V8M1K2
5830784	bgi_V8MITO
11415168	bgi_V8NC3I
7853568	bgi_V8NRLG
4130688	bgi_V8ODQ7
3939712	bgi_V8PAF4
8000384	bgi_V8Q521
5964672	bgi_V8QAVH
5793280	bgi_V8QFOK
5339008	bgi_V8QO3N
7058176	bgi_V8R1TD
6743936	bgi_V8R4AG
8398080	bgi_V8RHG3
5662336	bgi_V8RU1D
3989120	bgi_V8SX5M
7400448	bgi_V8WCPE
4297600	bgi_V8X023
6578432	bgi_V8XAUP
5229824	bgi_V8XI8Q
3598720	bgi_V8XMND
6922880	bgi_V8Y03S
5623040	bgi_V9072B
7003392	bgi_V90RVA
7544832	bgi_V919Q2
2768128	bgi_V92CZ1
5352192	bgi_V9381G
6922624	bgi_V942L6
5869440	bgi_V944TO
6303872	bgi_V95KM2
5957888	bgi_V964S0
7779328	bgi_V96QEP
6181888	bgi_V96VVO
5217024	bgi_V97EBU
5982720	bgi_V97J9Z
3967232	bgi_V98RCE
6124928	bgi_V9930Y
4081792	bgi_V99AA5
6215296	bgi_V9B933
7638912	bgi_V9CUTJ
6066560	bgi_V9CZ1H
5223168	bgi_V9DHHW
5613184	bgi_V9DYXM
6314496	bgi_V9E4VW
7376896	bgi_V9E7KF
7000704	bgi_V9EN4M
3796864	bgi_V9GGFQ
6230784	bgi_V9GL9Z
4306176	bgi_V9GP2F
4550784	bgi_V9GZZQ
4447744	bgi_V9HGKF
6204672	bgi_V9HJCC
6602880	bgi_V9I1IC
4708736	bgi_V9I1JH
3796480	bgi_V9IP0Z
6611328	bgi_V9J61N
6275712	bgi_V9JP03
4390912	bgi_V9KDRC
11711360	bgi_V9KN8S
5081344	bgi_V9KP7B
7243776	bgi_V9KTIJ
7347200	bgi_V9LGD5
6931072	bgi_V9LH4H
6375936	bgi_V9LSS5
53248	bgi_V9OLUV
11299456	bgi_V9Q7Z9
8451456	bgi_V9QGG2
7149568	bgi_V9QT74
4861184	bgi_V9RXC6
3933056	bgi_V9SUG3
7061376	bgi_V9SV4C
6426752	bgi_V9SW05
3765504	bgi_V9T3WX
4753792	bgi_V9TIKS
5680000	bgi_V9TITB
6866816	bgi_V9U38S
6608000	bgi_V9U6M4
6313088	bgi_V9UYJ4
4423808	bgi_V9V2LZ
5686144	bgi_V9V7VJ
8120704	bgi_V9VUWS
4241664	bgi_V9WA5N
6370560	bgi_V9WLQY
5632896	bgi_V9X8MH
6018560	bgi_V9XR3F
5734400	bgi_V9Y37D
6176384	bgi_V9Z3VE
5760768	bgi_V9ZBXY
6862464	bgi_VA004Z
5334912	bgi_VA0JBX
4700800	bgi_VA0W2A
4577920	bgi_VA1O8B
4439296	bgi_VA1SJX
4462976	bgi_VA1T4X
6916224	bgi_VA2M1E
5789696	bgi_VA3FYE
4357888	bgi_VA3VD0
1951488	bgi_VA4LFQ
5673600	bgi_VA5SKQ
2975616	bgi_VA6KWA
4385152	bgi_VA7CU4
8083712	bgi_VA8FKJ
5072512	bgi_VA8RLI
11069056	bgi_VA8SXT
6114176	bgi_VA8XPB
6066048	bgi_VA9K4R
3267328	bgi_VABJ51
4946048	bgi_VAEQ34
5195264	bgi_VAERO7
4786944	bgi_VAFLNX
5170304	bgi_VAG4Q8
7215744	bgi_VAGG3N
6337024	bgi_VAGYAN
4852992	bgi_VAH772
8047488	bgi_VAHF8S
5022336	bgi_VAHMQF
4979584	bgi_VAHV7I
9839104	bgi_VAI1ZY
2840448	bgi_VAI7LV
4768128	bgi_VAIW17
5145856	bgi_VAJ1MO
5532160	bgi_VAJ380
4517632	bgi_VAJHM2
6381568	bgi_VAJLEJ
4860672	bgi_VAJUNN
4019072	bgi_VALC9T
5676160	bgi_VALKBG
2941440	bgi_VAOOQH
1420800	bgi_VAOUIB
6437760	bgi_VAPK0E
5489664	bgi_VAQ2EH
7108480	bgi_VAQMDM
5320192	bgi_VAQXCB
5769984	bgi_VAR95B
4730496	bgi_VARF3W
7622528	bgi_VAS0F2
5565056	bgi_VAT1DQ
7104384	bgi_VAT7LH
6102656	bgi_VATUIC
5594112	bgi_VAU4CW
10601984	bgi_VAULOV
4343424	bgi_VAXHW5
5516800	bgi_VAYWBV
5423232	bgi_VAZ8B6
4476800	bgi_VAZM68
5703552	bgi_VB07CR
4989440	bgi_VB0MJV
6707072	bgi_VB0SBO
5638784	bgi_VB1FWX
3530496	bgi_VB1IUF
5402112	bgi_VB48BW
7402240	bgi_VB4LUH
4747648	bgi_VB57R7
9532672	bgi_VB5CDS
5193344	bgi_VB60U5
4375552	bgi_VB6RZH
7476480	bgi_VB6V0F
10444160	bgi_VB74PZ
5890688	bgi_VB7VUW
6754304	bgi_VB8SBT
5805952	bgi_VB930K
6510976	bgi_VB9SQ9
2474112	bgi_VBBUAG
5440128	bgi_VBC2EG
11711616	bgi_VBCY6U
6199936	bgi_VBE2IN
5748352	bgi_VBET8H
4281216	bgi_VBFDBB
5210624	bgi_VBGDV3
11714048	bgi_VBGWS0
6984832	bgi_VBH4ZG
4521472	bgi_VBI2K9
6560256	bgi_VBJA3P
7651840	bgi_VBMSY7
3789952	bgi_VBMTCI
6010880	bgi_VBOMPV
5796864	bgi_VBOZMX
4362624	bgi_VBP6H9
8753152	bgi_VBPRL4
10521728	bgi_VBQPVU
10978944	bgi_VBSJD8
3098112	bgi_VBSSCF
4557184	bgi_VBT3M8
5491456	bgi_VBT9YO
7767936	bgi_VBTQSZ
5599872	bgi_VBU4D1
3350144	bgi_VBUY7L
9406080	bgi_VBV26Y
4754688	bgi_VBVRP6
2249600	bgi_VBW53L
3680256	bgi_VBWFXL
7883904	bgi_VBWU1L
5670656	bgi_VBY12V
3930624	bgi_VBY3GH
5568256	bgi_VBY4A5
147200	bgi_VBY4LZ
4871552	bgi_VBYRB8
5747584	bgi_VBZB4B
4880000	bgi_VC0JIV
12931712	bgi_VC0JXP
3714944	bgi_VC146T
6871808	bgi_VC1AJN
4002560	bgi_VC1QEE
4974208	bgi_VC1TRL
5901184	bgi_VC26MG
3285376	bgi_VC2CE9
5456000	bgi_VC2J94
2542336	bgi_VC4LMF
6611840	bgi_VC5RY8
5968768	bgi_VC6DD5
6800768	bgi_VC6G6S
4086656	bgi_VC6XD8
6083712	bgi_VC70I8
12121216	bgi_VC7AA1
5206912	bgi_VC7BF0
6760576	bgi_VC7WS4
3794048	bgi_VC7Z51
3248128	bgi_VC81G5
4855552	bgi_VC81ST
7722112	bgi_VC8BYC
3609472	bgi_VC8LQO
2169344	bgi_VC8QHS
6072320	bgi_VC98OA
5150208	bgi_VC9XZ6
6262016	bgi_VCCWF0
3936000	bgi_VCE0Y8
3978624	bgi_VCE74N
1224704	bgi_VCEGIZ
4235648	bgi_VCEMF9
8802432	bgi_VCEMYL
3429376	bgi_VCEQ5W
4293120	bgi_VCEVC7
5832320	bgi_VCFFJJ
2410880	bgi_VCG11X
4109824	bgi_VCG3ZR
6260480	bgi_VCG5G4
2385792	bgi_VCGAL2
6184192	bgi_VCGY6Q
8561664	bgi_VCIDEN
2915328	bgi_VCIYWO
5534976	bgi_VCJBZ5
4962560	bgi_VCJHL2
7652352	bgi_VCK1IX
2988928	bgi_VCKWK5
5626368	bgi_VCL55A
2832000	bgi_VCLCF4
2471168	bgi_VCM010
5165056	bgi_VCM7SL
6034048	bgi_VCMFXW
7507328	bgi_VCOA77
4569344	bgi_VCOOJY
6999680	bgi_VCPI8B
6907904	bgi_VCQTGT
6820480	bgi_VCQWG0
1995392	bgi_VCRLAE
6948096	bgi_VCTAHJ
6033024	bgi_VCTJFG
4091904	bgi_VCUCNM
6217856	bgi_VCUGKF
6890752	bgi_VCUIHW
5358080	bgi_VCUZGG
5519872	bgi_VCV9EL
5882240	bgi_VCX2O5
6163584	bgi_VCXEFC
4802432	bgi_VCYQP6
3010432	bgi_VCYR7S
6019072	bgi_VCZ2V3
4954624	bgi_VD0C3G
1864832	bgi_VD3ZGZ
5208320	bgi_VD3ZPR
7442432	bgi_VD41WX
2665472	bgi_VD5OV9
11678848	bgi_VD6NXV
8109440	bgi_VD6OKK
7752960	bgi_VD6YPU
6244096	bgi_VD7NI5
9225088	bgi_VD7OX8
4861952	bgi_VD941L
3941248	bgi_VD98G4
7282304	bgi_VD9EPU
6122752	bgi_VDA1O5
4463744	bgi_VDA8RQ
6826112	bgi_VDBEP1
5891456	bgi_VDCJGC
5504384	bgi_VDCYKC
5634944	bgi_VDD3EK
6757248	bgi_VDDFSZ
10332160	bgi_VDE0UP
6517504	bgi_VDENXC
5885312	bgi_VDFAIC
9364992	bgi_VDFRDM
7953792	bgi_VDGX00
5262208	bgi_VDHNR2
3604224	bgi_VDHWRV
8084992	bgi_VDI7FO
8009856	bgi_VDIDK8
6753408	bgi_VDIHML
7383040	bgi_VDIIS3
6285568	bgi_VDJ4SQ
3152512	bgi_VDJAJ1
5210752	bgi_VDJDSP
4871424	bgi_VDK15L
6373504	bgi_VDNKH2
5290624	bgi_VDNPG3
3589888	bgi_VDOEDJ
6366976	bgi_VDOFMW
7080960	bgi_VDOUU6
6358144	bgi_VDOZW7
11503488	bgi_VDP9LB
5553280	bgi_VDQ78F
9679488	bgi_VDSC7I
5025152	bgi_VDSGZC
4295168	bgi_VDSI6K
6584448	bgi_VDSZV8
3330304	bgi_VDT6S2
4658944	bgi_VDTALT
5355520	bgi_VDU87L
4005632	bgi_VDUALN
4206976	bgi_VDUOAE
5656832	bgi_VDV0LO
5655936	bgi_VDVHRJ
5120384	bgi_VDW86S
5428096	bgi_VDWVK3
5642240	bgi_VDXV6K
5141504	bgi_VDYFS8
6808704	bgi_VDZJH4
1161088	bgi_VDZMKL
7521920	bgi_VDZP45
5839744	bgi_VE0BRU
6022272	bgi_VE0RG7
10793088	bgi_VE0WMY
11740416	bgi_VE1J31
5449728	bgi_VE3OSU
6718336	bgi_VE3UMZ
8020736	bgi_VE4CJK
6011264	bgi_VE4MCU
5825152	bgi_VE4MQD
5778048	bgi_VE5C77
6362880	bgi_VE6LJ7
11286912	bgi_VE7C2B
2238848	bgi_VE7HKX
9481344	bgi_VE81X7
7577472	bgi_VE83OQ
6098560	bgi_VE8FI5
6612224	bgi_VE8NR0
4767360	bgi_VE8RF4
10408192	bgi_VE8VBP
5228288	bgi_VE94JL
3455360	bgi_VE954R
1204992	bgi_VE9CDN
4202624	bgi_VE9JP5
5204224	bgi_VEBQBC
5570688	bgi_VEC8FW
3216384	bgi_VEDG1U
4908288	bgi_VEED90
2955648	bgi_VEEVIP
3637632	bgi_VEFRDA
5286912	bgi_VEFRKO
5070976	bgi_VEHD2Y
2206080	bgi_VEIYSS
3400960	bgi_VEO8N0
6526592	bgi_VEOJ4I
5042944	bgi_VEOK8R
6335616	bgi_VEOO72
4477440	bgi_VEP80T
5849600	bgi_VEPCIN
5575808	bgi_VEQ5KC
8874752	bgi_VER2J7
5082624	bgi_VESUJC
3972608	bgi_VETSHN
11870464	bgi_VEU3OA
8832128	bgi_VEU81T
1524224	bgi_VEUCF2
11392000	bgi_VEUHU1
5467904	bgi_VEW4DS
6560640	bgi_VEWEUC
7847680	bgi_VEZ7YW
5122176	bgi_VEZUDR
5680128	bgi_VEZWOK
5945216	bgi_VF13QQ
4863232	bgi_VF1IDW
7127936	bgi_VF1KOZ
6570880	bgi_VF1M6Y
6160512	bgi_VF2Q5P
6424192	bgi_VF2UIE
6263168	bgi_VF436J
5239296	bgi_VF48GR
5265920	bgi_VF50S9
3992960	bgi_VF53CR
5889920	bgi_VF5J2H
6290304	bgi_VF64R7
8558848	bgi_VF6LCL
4364288	bgi_VF735V
5566592	bgi_VF7D84
7211776	bgi_VF7XWT
4763008	bgi_VF84TT
11577088	bgi_VF8KUM
7826816	bgi_VF8NER
11370752	bgi_VF8Q00
8062720	bgi_VF9LPS
9575296	bgi_VFA7TX
3287680	bgi_VFAUZ1
6464896	bgi_VFBW1M
4990464	bgi_VFC64U
9710976	bgi_VFCKVV
5734016	bgi_VFDNLO
4848000	bgi_VFESFK
4109824	bgi_VFEW39
6923648	bgi_VFFGHI
2154368	bgi_VFGNRB
5755392	bgi_VFGPWM
5370880	bgi_VFHHQN
5266688	bgi_VFHVX3
5678208	bgi_VFJPCF
6634240	bgi_VFJRMI
7627776	bgi_VFK4IA
4437504	bgi_VFKD1E
4560384	bgi_VFKGL6
1644032	bgi_VFKPO9
8375808	bgi_VFKVQQ
11882752	bgi_VFKY0K
11073280	bgi_VFLZKF
3353856	bgi_VFN61K
4362624	bgi_VFNDWT
3469440	bgi_VFNMNC
5399424	bgi_VFNMQX
5789056	bgi_VFNUW6
12290560	bgi_VFOJNG
5403520	bgi_VFPGHQ
9711488	bgi_VFPSDX
4533632	bgi_VFQSEI
11915648	bgi_VFR59D
6579840	bgi_VFRA8A
7353728	bgi_VFRTH4
5456000	bgi_VFSO8C
4922624	bgi_VFSPEO
5041536	bgi_VFSXMT
4912640	bgi_VFT4Q5
3610880	bgi_VFUUDP
3937664	bgi_VFV8VW
3294208	bgi_VFWOPB
8720000	bgi_VFXAS9
4950784	bgi_VFXVVZ
5149952	bgi_VFXXKS
4102528	bgi_VFYJB2
5975424	bgi_VFZ765
6275712	bgi_VFZRX0
3727872	bgi_VFZWF3
11642752	bgi_VG1FTY
5749888	bgi_VG2I1V
7075200	bgi_VG2PS6
6284032	bgi_VG2ZKB
11660672	bgi_VG36F3
1578624	bgi_VG36HN
3562752	bgi_VG40EF
7889920	bgi_VG442A
9236224	bgi_VG5FYD
6559616	bgi_VG71B8
4067712	bgi_VG75GW
5816832	bgi_VG76GK
4988928	bgi_VG8Z98
2539392	bgi_VG9VFV
6063360	bgi_VGAIX6
6037376	bgi_VGAK8X
5036544	bgi_VGCPDM
5494272	bgi_VGCQOM
6136448	bgi_VGCWOT
3958144	bgi_VGDIMA
6244480	bgi_VGEXJI
4113920	bgi_VGEZ5X
3074304	bgi_VGHF2J
5436928	bgi_VGHLVX
4030080	bgi_VGI7Q5
8112768	bgi_VGJDR2
11781120	bgi_VGLNBQ
5781888	bgi_VGM6AB
5150336	bgi_VGMLUK
6187264	bgi_VGNNE2
5894016	bgi_VGP5J1
7058560	bgi_VGP5R6
3146496	bgi_VGQMGR
9326592	bgi_VGRMAC
3738112	bgi_VGSM5P
1692672	bgi_VGT4IL
4225664	bgi_VGTB48
7362432	bgi_VGU4S7
7060480	bgi_VGVFGP
4383744	bgi_VGW4DS
6087168	bgi_VGW7JQ
4160896	bgi_VGWO5R
11836800	bgi_VGWZRG
5667584	bgi_VGXCLN
4983936	bgi_VGXMGU
10157312	bgi_VGYSAU
8266240	bgi_VGYWXY
8304256	bgi_VGZ2B8
7651456	bgi_VGZ2XW
2576384	bgi_VGZJVW
5321216	bgi_VGZKT8
4809600	bgi_VGZMGK
3887744	bgi_VH0PS3
4650752	bgi_VH0QJE
3690368	bgi_VH158F
3099392	bgi_VH1QJ7
5337472	bgi_VH24V1
4067456	bgi_VH3A20
5222272	bgi_VH4BVY
3348608	bgi_VH66Q6
4819584	bgi_VH7C06
2822784	bgi_VH7JT3
11036288	bgi_VH91CT
13381888	bgi_VH96UL
5713664	bgi_VH9C80
4159232	bgi_VH9W5P
5303680	bgi_VHATLP
8255872	bgi_VHB2F2
9271424	bgi_VHC1OA
3641088	bgi_VHCR5N
3961344	bgi_VHCS90
5423616	bgi_VHD2FK
6289024	bgi_VHDPR5
3819008	bgi_VHEQGZ
5148288	bgi_VHEUF9
4513792	bgi_VHEX54
5202688	bgi_VHFWD7
2628736	bgi_VHGBTK
6294016	bgi_VHGSNF
9683328	bgi_VHH1W0
6227712	bgi_VHH21X
2213248	bgi_VHH86F
7005312	bgi_VHH8EK
6852352	bgi_VHI9CU
12478976	bgi_VHIMG8
4300544	bgi_VHISYH
11129728	bgi_VHJNNV
6088192	bgi_VHJS50
10111232	bgi_VHKBE9
5830016	bgi_VHMPAT
6657664	bgi_VHMW9P
7179136	bgi_VHN1M0
7321216	bgi_VHNM0K
2490880	bgi_VHNPCE
12026240	bgi_VHOB0F
10779904	bgi_VHOSFY
3013632	bgi_VHQGZK
10083456	bgi_VHQNA7
6033408	bgi_VHR2QB
5179648	bgi_VHRRQX
4422272	bgi_VHSOYZ
6301568	bgi_VHTW7V
2648704	bgi_VHU57A
5332224	bgi_VHUIRX
6634112	bgi_VHVL8E
7778048	bgi_VHVY0M
5042816	bgi_VHWGGK
4577792	bgi_VHWIM2
9105152	bgi_VHWRAO
5524864	bgi_VHY3KN
5627136	bgi_VHY7T8
4678144	bgi_VHYC0R
3726720	bgi_VHYUSR
4946176	bgi_VHYZ1R
3705088	bgi_VI0HG1
9490688	bgi_VI17SD
4413952	bgi_VI4E6Q
4852352	bgi_VI4OSB
5324288	bgi_VI5CX9
4982272	bgi_VI5PHD
4558464	bgi_VI6N32
5705856	bgi_VI72RB
5643776	bgi_VI7FAH
5908608	bgi_VI7GET
8029696	bgi_VI7N13
6622592	bgi_VI7R7J
9134080	bgi_VI89J6
5070720	bgi_VI8ISR
9748480	bgi_VI8KBK
7181056	bgi_VI8VZ8
6713600	bgi_VI980E
8089600	bgi_VI9BD1
6919424	bgi_VI9JA0
6846464	bgi_VI9O15
8305408	bgi_VI9R2T
6263936	bgi_VIAJFJ
4795392	bgi_VIBDJG
6977280	bgi_VIBDV2
7739136	bgi_VIBK6W
2468608	bgi_VICIDD
6220544	bgi_VICXYT
6922496	bgi_VIE3LT
11823488	bgi_VIGZJL
5829760	bgi_VII3PN
11766272	bgi_VIIHIK
2684288	bgi_VIIX94
11438208	bgi_VIJ2FQ
6752000	bgi_VIJS2P
4332416	bgi_VIKFDX
6007424	bgi_VIMAGY
7529984	bgi_VIP6TO
5664640	bgi_VIQTES
5291648	bgi_VIQZMD
6293504	bgi_VIROJR
6040064	bgi_VISP6H
5861504	bgi_VISPPX
8291456	bgi_VISX5G
11755520	bgi_VITHFR
7396736	bgi_VIV02J
5073024	bgi_VIVMS4
6709376	bgi_VIVOYI
5176448	bgi_VIW1KV
3769216	bgi_VIXA7S
5488000	bgi_VIYDGY
2875904	bgi_VIYFJ1
7207680	bgi_VIYPAF
4917760	bgi_VIZ7JY
5976832	bgi_VIZEMD
3617152	bgi_VJ0IRV
7003392	bgi_VJ13TV
11529856	bgi_VJ1AZM
5453440	bgi_VJ2UBT
7360896	bgi_VJ3CGI
5620608	bgi_VJ3ILR
7369728	bgi_VJ4T6M
5748608	bgi_VJ5211
5426688	bgi_VJ5A2F
4506624	bgi_VJ6935
6678528	bgi_VJ6ZX4
3961856	bgi_VJ865V
5568640	bgi_VJ8DAT
11968640	bgi_VJ9PB6
6932480	bgi_VJALWB
5590784	bgi_VJAZQJ
5694976	bgi_VJB0XB
5252608	bgi_VJBFQ9
7150848	bgi_VJCXCZ
5649408	bgi_VJEFJG
7865856	bgi_VJFLVZ
5291008	bgi_VJGLCZ
5449856	bgi_VJGNWG
5810304	bgi_VJHFZW
6260096	bgi_VJJAN3
6290944	bgi_VJJOTE
5681280	bgi_VJJTFZ
3318656	bgi_VJKITJ
5866624	bgi_VJL8PR
3186816	bgi_VJLQGD
7522944	bgi_VJLSQM
11393024	bgi_VJMD0H
6121728	bgi_VJNA5X
9990784	bgi_VJNEPQ
5536512	bgi_VJOX4H
6674432	bgi_VJPDB3
7005312	bgi_VJPT4S
8567552	bgi_VJQRBF
10629760	bgi_VJQSL9
4778112	bgi_VJR62K
3984512	bgi_VJSXFB
5109120	bgi_VJT5HM
6816768	bgi_VJTG9V
6848768	bgi_VJUA46
1964288	bgi_VJUCKK
5847680	bgi_VJV4SA
4766720	bgi_VJVD2N
5746304	bgi_VJVDEN
6825088	bgi_VJVR8F
1660416	bgi_VJVTRO
5823744	bgi_VJX5RM
3975552	bgi_VJXJCN
7435008	bgi_VJXW3O
4378496	bgi_VJY5KH
5401600	bgi_VJYGTM
6734848	bgi_VJYNPP
5656704	bgi_VJZ9UB
6039296	bgi_VK0AS1
8254336	bgi_VK0DHL
5672832	bgi_VK0KYS
4078464	bgi_VK15H9
4542208	bgi_VK192D
6332160	bgi_VK2Z41
6255872	bgi_VK38FD
4474368	bgi_VK3BC3
6436096	bgi_VK3GPR
4773376	bgi_VK4PTK
6176256	bgi_VK5EDT
3782528	bgi_VK5TCU
4262784	bgi_VK62QE
7843328	bgi_VK68RV
9445888	bgi_VK6J32
5413248	bgi_VK6UPU
6315008	bgi_VK75TS
5960576	bgi_VK7N96
1795840	bgi_VK8GKK
2768640	bgi_VK8QK5
6169344	bgi_VK9MVQ
5826432	bgi_VKAE85
10138624	bgi_VKATX4
6163072	bgi_VKC8SA
3599488	bgi_VKD64W
6259456	bgi_VKEUWG
1899648	bgi_VKEWV1
11847936	bgi_VKF5G4
4608640	bgi_VKF7RR
1899904	bgi_VKFBI5
5924480	bgi_VKFG0Q
3940480	bgi_VKFHE3
11732608	bgi_VKFJ1V
9780864	bgi_VKFLIM
5470848	bgi_VKGLOX
4530944	bgi_VKHT3H
6149632	bgi_VKJVLJ
7141760	bgi_VKKYT9
5812736	bgi_VKLE3A
1778944	bgi_VKMYRV
5608704	bgi_VKO4IZ
2188800	bgi_VKOABJ
7061888	bgi_VKOIVW
4804096	bgi_VKOZXY
8366208	bgi_VKQCV6
4936448	bgi_VKQIZU
5506304	bgi_VKR391
5489152	bgi_VKS2ZE
9764224	bgi_VKS69N
6018048	bgi_VKSG4K
5566208	bgi_VKUB0K
8303744	bgi_VKUHEX
5209984	bgi_VKUW8T
6168192	bgi_VKUYA8
8467200	bgi_VKVAYI
8014848	bgi_VKVIWT
5344384	bgi_VKVJGH
1883392	bgi_VKWK8O
5959680	bgi_VKWO2K
12062848	bgi_VKX1SB
5992960	bgi_VKXDBA
5199104	bgi_VKXVY9
1138304	bgi_VKY9HO
4788864	bgi_VKYZT5
10079360	bgi_VKZ1LX
1905920	bgi_VL08G5
8586880	bgi_VL2QXV
8033792	bgi_VL3BNE
6161792	bgi_VL3CQI
10977792	bgi_VL3YTE
8490240	bgi_VL4EV4
6336256	bgi_VL63BJ
7111680	bgi_VL6UTA
6899456	bgi_VL76KG
8485888	bgi_VL7GBF
5617536	bgi_VL8GTZ
4668416	bgi_VL8KLM
5088768	bgi_VL95AH
11708544	bgi_VL9SET
1982976	bgi_VL9SGN
12710784	bgi_VLB6XN
4716032	bgi_VLBFMN
5387008	bgi_VLC38X
5363712	bgi_VLC8WS
8326656	bgi_VLD38Y
5034240	bgi_VLDIQY
4377472	bgi_VLDR27
5586688	bgi_VLDTT7
5806080	bgi_VLE13N
8577536	bgi_VLEGC4
5213056	bgi_VLFQHT
4488704	bgi_VLHVAI
5390592	bgi_VLIJAX
4791808	bgi_VLIN2S
5238912	bgi_VLINVF
6077696	bgi_VLJW9A
5605248	bgi_VLMK5J
6181888	bgi_VLNL5L
7694976	bgi_VLOX6X
5169536	bgi_VLP13D
6934144	bgi_VLPANX
6398592	bgi_VLPRN6
4511488	bgi_VLQ8JO
5457152	bgi_VLRI2K
6104832	bgi_VLRVA5
8078720	bgi_VLU9Q2
5549440	bgi_VLUM7Y
8240256	bgi_VLUVF1
6203520	bgi_VLV8KB
4782976	bgi_VLW4N4
11863808	bgi_VLW92V
5932032	bgi_VLWM8H
2693504	bgi_VLZ378
4692736	bgi_VLZSIR
7114752	bgi_VLZWJD
4683520	bgi_VM06OR
4428800	bgi_VM0DLN
9169664	bgi_VM0N9D
11615488	bgi_VM0X77
6453120	bgi_VM10DN
4137472	bgi_VM11NF
11746816	bgi_VM14J6
9568512	bgi_VM1846
4173440	bgi_VM1E7S
5150848	bgi_VM1T1W
4930432	bgi_VM2ETE
4970496	bgi_VM2QR6
5984512	bgi_VM59UA
6163456	bgi_VM6FOP
3810048	bgi_VM6LXC
5879552	bgi_VM6N5L
2957440	bgi_VM6XPK
5734272	bgi_VM6ZKQ
5372288	bgi_VM72AL
4499712	bgi_VM7X3E
6134400	bgi_VM87HG
11160192	bgi_VM901L
5343488	bgi_VM9INH
4609792	bgi_VM9PPT
3658112	bgi_VMAX9W
4831232	bgi_VMB23G
4935680	bgi_VMB8U1
6979968	bgi_VMBNA8
7063808	bgi_VMDUO8
4985984	bgi_VMDV2X
6202496	bgi_VMEWF3
9289216	bgi_VMEXEG
5295744	bgi_VMF9IK
4392192	bgi_VMFS0X
2300544	bgi_VMFSOR
7445632	bgi_VMIPDW
5883904	bgi_VMJ7UM
4727040	bgi_VMJIGS
6839936	bgi_VMJVUD
3579776	bgi_VMKFSI
6280832	bgi_VMKWWO
3409792	bgi_VMM39S
3339136	bgi_VMN87H
5159936	bgi_VMNI89
4887936	bgi_VMNKO9
6661760	bgi_VMNXC0
7518976	bgi_VMODDK
5314560	bgi_VMP3XV
7075200	bgi_VMP5T1
10948864	bgi_VMQ74P
4216832	bgi_VMQ99A
7111808	bgi_VMRQCT
4434432	bgi_VMRRWQ
11590784	bgi_VMS7TR
6462336	bgi_VMSK1H
3654912	bgi_VMSLRW
5798144	bgi_VMSN9G
5689344	bgi_VMT71W
11155840	bgi_VMTBJR
6746880	bgi_VMTD4W
6632960	bgi_VMTNSJ
6722176	bgi_VMTTQ3
4672384	bgi_VMU8O5
4226816	bgi_VMWTB1
6012160	bgi_VMWY6J
5383424	bgi_VMXJOJ
4047488	bgi_VMY7BP
5842944	bgi_VMY8WP
5326336	bgi_VMYG00
4237568	bgi_VMZEZA
2866432	bgi_VMZPS4
8824192	bgi_VMZQ3D
6873856	bgi_VN0I2Z
11905920	bgi_VN17VH
5904512	bgi_VN1BRJ
2169088	bgi_VN1NZJ
2799744	bgi_VN3F9Z
6788480	bgi_VN3X88
6843136	bgi_VN49UR
5440256	bgi_VN5HVM
9671936	bgi_VN6Z2N
4680704	bgi_VN82H4
11566848	bgi_VN82MY
9044096	bgi_VN8TW5
8164608	bgi_VN9VJN
5014656	bgi_VNANKL
87808	bgi_VNB54O
4421504	bgi_VNCNG4
7231360	bgi_VND2S0
11011456	bgi_VNDJYN
8024064	bgi_VNEPCB
6343296	bgi_VNEPK5
5264768	bgi_VNESQE
5601408	bgi_VNEY5D
6199296	bgi_VNFCLU
4869632	bgi_VNFDEB
5480960	bgi_VNFFBI
6529920	bgi_VNFGPR
5516928	bgi_VNFOKA
7650048	bgi_VNG5IL
5745408	bgi_VNGHHG
12767360	bgi_VNGQLZ
5711488	bgi_VNGRZW
6216704	bgi_VNHTOG
2326016	bgi_VNHZE6
11545600	bgi_VNIDA4
6647680	bgi_VNIMGS
1881472	bgi_VNIOOQ
4867328	bgi_VNJOCX
7463552	bgi_VNMN8R
5581440	bgi_VNN89Q
3256064	bgi_VNNCHP
3961856	bgi_VNOCNL
4983552	bgi_VNPJQ6
4491136	bgi_VNQ5GI
6221440	bgi_VNQSJI
5072384	bgi_VNQX61
5139072	bgi_VNR0VZ
6223488	bgi_VNRX6D
8390656	bgi_VNS89H
5386368	bgi_VNT34C
4109568	bgi_VNTBNE
6416768	bgi_VNTV62
2857344	bgi_VNUP14
3821696	bgi_VNUYDW
5025152	bgi_VNV45D
6182912	bgi_VNVOI6
7559808	bgi_VNW9A6
6031744	bgi_VNW9ZT
5118976	bgi_VNWDAJ
1915776	bgi_VNZ6NQ
4081920	bgi_VNZPGL
4737792	bgi_VO0KDF
3459456	bgi_VO10X6
4096512	bgi_VO136C
4864640	bgi_VO137J
2476416	bgi_VO3TPZ
8193024	bgi_VO4UIJ
5214976	bgi_VO51QN
9791744	bgi_VO615S
6781312	bgi_VO7OKN
4834944	bgi_VO8KEN
3165312	bgi_VO99M5
4698880	bgi_VOA27A
11700096	bgi_VOAQZY
8246016	bgi_VOBZCR
6111360	bgi_VODRSB
4836480	bgi_VOE87W
4733184	bgi_VOEUON
4168704	bgi_VOF48A
3386624	bgi_VOFI2M
5347712	bgi_VOFL4F
6173952	bgi_VOGJHG
11612928	bgi_VOHZH4
8809344	bgi_VOITEI
7152000	bgi_VOJRKI
5592704	bgi_VOK6OK
10410496	bgi_VOKWVZ
5930752	bgi_VOL824
11330688	bgi_VOLN58
6273152	bgi_VOLROE
4728704	bgi_VOM3UI
6070656	bgi_VOMGL7
7652736	bgi_VOMGYR
3267712	bgi_VOMLT7
6306432	bgi_VOMVLT
7680640	bgi_VON1OO
5776000	bgi_VONRWL
3565568	bgi_VOP1SN
2253440	bgi_VOPAGV
8923392	bgi_VOPJ66
6521856	bgi_VOQGH9
6866176	bgi_VOQN6P
5229696	bgi_VOQPVZ
5621760	bgi_VOQVKL
6585984	bgi_VORG59
2496640	bgi_VORP1W
5242624	bgi_VORW0X
7972352	bgi_VOSNBO
7624064	bgi_VOTG1P
6674304	bgi_VOTV59
10414592	bgi_VOTVAJ
6979456	bgi_VOUC5X
1625472	bgi_VOUH7V
2718208	bgi_VOUWF9
6065024	bgi_VOV210
5426432	bgi_VOVWGM
6305920	bgi_VOXT2J
3164032	bgi_VOY9J1
4809600	bgi_VOYTTK
5855232	bgi_VOZCYB
7767168	bgi_VOZVY6
3144192	bgi_VP08G6
6378368	bgi_VP0I94
10238720	bgi_VP0LAZ
4563200	bgi_VP1E9L
7250688	bgi_VP2L0L
5234432	bgi_VP2P3K
7793280	bgi_VP2R0N
4548992	bgi_VP3037
7175552	bgi_VP3UH4
5013760	bgi_VP4CBR
3844352	bgi_VP4Q2E
4580352	bgi_VP59J7
1947136	bgi_VP5JJE
6018432	bgi_VP5W8F
5696384	bgi_VP5ZAB
5774976	bgi_VP6Y2S
8889600	bgi_VP8AMJ
6903168	bgi_VP8PV0
5309824	bgi_VP8ZEE
6800640	bgi_VPADD6
4569344	bgi_VPBCJE
7099392	bgi_VPC4LA
7277696	bgi_VPDPCM
6692736	bgi_VPE8BL
8069248	bgi_VPEB3X
5552384	bgi_VPF8F3
6131200	bgi_VPGT81
5286784	bgi_VPHQUZ
11733888	bgi_VPI3HC
1949696	bgi_VPIGAR
4263680	bgi_VPIJ0G
7900800	bgi_VPIK16
5567488	bgi_VPJNP0
6110336	bgi_VPKOZ2
6110976	bgi_VPL82X
5542528	bgi_VPLEJL
3319936	bgi_VPM2UP
4089216	bgi_VPMSNG
7980032	bgi_VPNE3S
10596096	bgi_VPNRH4
7280896	bgi_VPO5E3
4961792	bgi_VPOVJ1
5271680	bgi_VPP5FT
11040000	bgi_VPQ8OT
5944320	bgi_VPQUXC
7275648	bgi_VPT3AV
2933632	bgi_VPT49P
6144128	bgi_VPTF7M
2725120	bgi_VPUMXF
7696768	bgi_VPWQBS
3223808	bgi_VPX3VI
5020160	bgi_VPXQ5M
7680384	bgi_VPXUOZ
6498176	bgi_VPZGBE
6242176	bgi_VPZUUX
5307136	bgi_VQ1HHR
2971904	bgi_VQ1Q2F
5833600	bgi_VQ2927
5886080	bgi_VQ314N
11171712	bgi_VQ3FT7
3532928	bgi_VQ4UIF
4817536	bgi_VQ5VOB
4795392	bgi_VQ6AHI
3402112	bgi_VQ6DFN
11707776	bgi_VQ6PCX
6135296	bgi_VQ6PWW
5785088	bgi_VQ6TOF
6580480	bgi_VQ7LS0
9344640	bgi_VQ7P8H
7134848	bgi_VQ8K41
5421440	bgi_VQ9DGJ
4468096	bgi_VQ9NJP
4135552	bgi_VQA2Y4
10175616	bgi_VQB5FK
6393728	bgi_VQB9DQ
5522816	bgi_VQBE96
4410624	bgi_VQBMPT
1954688	bgi_VQBTKX
3345408	bgi_VQCCRA
6373120	bgi_VQD5BP
10996224	bgi_VQD73F
5734144	bgi_VQE3KC
6394496	bgi_VQEB4Q
4288128	bgi_VQEP3U
5015680	bgi_VQF7CE
4991232	bgi_VQFHUE
4530176	bgi_VQFR36
8039296	bgi_VQFSDB
2882944	bgi_VQG2AV
5460992	bgi_VQG3OF
6048768	bgi_VQHZJF
7114880	bgi_VQI6N0
6625664	bgi_VQK2TS
7619840	bgi_VQK41X
5016448	bgi_VQKUOK
6199296	bgi_VQL6B7
4904960	bgi_VQLPI3
5537024	bgi_VQO0S6
7571328	bgi_VQO5VH
5420160	bgi_VQQ90U
7845632	bgi_VQQY3T
5217280	bgi_VQRCOI
5663104	bgi_VQRDAM
4361344	bgi_VQT0Y3
8402560	bgi_VQT7KE
4574336	bgi_VQTF8B
5144576	bgi_VQUR0B
5999616	bgi_VQVGVZ
6428928	bgi_VQVL9I
3104640	bgi_VQWTOE
5244032	bgi_VQWUQN
6504704	bgi_VQWWUE
7935360	bgi_VQXAO9
3539072	bgi_VQXDHT
12681728	bgi_VQXLHZ
7522048	bgi_VQY47P
6488704	bgi_VQYGLL
4876416	bgi_VQYRHO
3183872	bgi_VQYXLB
7338112	bgi_VQYXZ3
4192256	bgi_VQZD4D
6316672	bgi_VR00V4
7440640	bgi_VR017W
7595392	bgi_VR0MOH
6334336	bgi_VR19I9
5798656	bgi_VR1CXM
5785088	bgi_VR1GTD
4442240	bgi_VR1JOR
4929792	bgi_VR1XVI
5788928	bgi_VR235O
6788480	bgi_VR2KSA
12781056	bgi_VR339W
6889856	bgi_VR4UUJ
11740160	bgi_VR54L3
4937600	bgi_VR5B97
4729216	bgi_VR5Y26
3069056	bgi_VR67U6
12506240	bgi_VR684N
8781568	bgi_VR693W
5392896	bgi_VR69X6
5457152	bgi_VR6V52
5902720	bgi_VR8C6C
6439936	bgi_VR8E19
6465664	bgi_VR8W6G
5323136	bgi_VR9PJF
3581312	bgi_VRADL2
5090816	bgi_VRARMF
7731968	bgi_VRAZAX
3667584	bgi_VRBARD
6283648	bgi_VRCBO6
8956800	bgi_VRDLZF
7500032	bgi_VRDXKW
8034688	bgi_VREE6Z
4087808	bgi_VREQ3J
5377280	bgi_VREQLQ
6281344	bgi_VREV0N
9936256	bgi_VRFG0E
5946624	bgi_VRFQNO
3253888	bgi_VRFYJU
3777664	bgi_VRHMDV
11117824	bgi_VRKHLF
7220864	bgi_VRKWFQ
4646656	bgi_VRL0ZG
5096960	bgi_VRM02Q
3808512	bgi_VRMITS
4933376	bgi_VRNJQU
6103936	bgi_VRO6RY
7744128	bgi_VROLIU
3878656	bgi_VRPBN7
1839616	bgi_VRPMUW
4646528	bgi_VRPSK0
5118592	bgi_VRQ166
7818240	bgi_VRR7DQ
6160384	bgi_VRRIOL
4759168	bgi_VRSDDJ
4840576	bgi_VRTGRX
6752896	bgi_VRTMFX
7279488	bgi_VRTOVG
3417472	bgi_VRUZFG
11064704	bgi_VRVQLE
6547456	bgi_VRZSL3
5912704	bgi_VRZXT6
5663872	bgi_VS07JA
5581952	bgi_VS08GD
5777792	bgi_VS0ATU
12144896	bgi_VS0RGM
7891456	bgi_VS0Z44
3056256	bgi_VS1ZST
4354176	bgi_VS2IG1
5349632	bgi_VS2Y5X
6080640	bgi_VS39X9
5544832	bgi_VS3DYK
8596224	bgi_VS3EWV
4681088	bgi_VS4NBP
6630400	bgi_VS5F60
4893824	bgi_VS5G5E
4692352	bgi_VS5OEG
9942016	bgi_VS5TB5
5382272	bgi_VS5X5T
5441152	bgi_VS618I
4582144	bgi_VS7JGZ
6490496	bgi_VS8CIG
5876736	bgi_VS8MEX
5478784	bgi_VS9A0O
4509568	bgi_VS9EPY
5202048	bgi_VS9O25
6213888	bgi_VSAW55
6444416	bgi_VSBR7J
4181504	bgi_VSC0UI
3819520	bgi_VSCAXD
5343744	bgi_VSD1UZ
1376512	bgi_VSDAJE
2383232	bgi_VSDHN8
8914688	bgi_VSEFK9
5981824	bgi_VSF81E
7742464	bgi_VSFHH6
7106176	bgi_VSGFUT
6772864	bgi_VSH1WE
6486528	bgi_VSH6RW
7644544	bgi_VSHD6H
5729792	bgi_VSIMJ7
3289472	bgi_VSIWOC
8928128	bgi_VSIX5I
2781312	bgi_VSJXR4
4455040	bgi_VSK5HW
5742208	bgi_VSKHLT
4821632	bgi_VSKVAM
4752896	bgi_VSL4PK
493056	bgi_VSLH6O
6691584	bgi_VSLHR2
4037248	bgi_VSLJJR
2720000	bgi_VSLWCM
7425408	bgi_VSM7HL
6524416	bgi_VSMUOH
4086144	bgi_VSMZLQ
2475648	bgi_VSNAX3
5557504	bgi_VSPQHK
5256320	bgi_VSQ8XR
5686400	bgi_VSR56V
3729920	bgi_VSSOJQ
4839552	bgi_VSSQ75
7382400	bgi_VSSY8Y
5366912	bgi_VSTACS
4450944	bgi_VSTN10
4820736	bgi_VSTPXP
7517440	bgi_VSULLW
5072128	bgi_VSVGGQ
1811968	bgi_VSVU88
5513088	bgi_VSWSNY
1773952	bgi_VSX1M8
5074304	bgi_VSX9C2
1740160	bgi_VSXBS8
11824640	bgi_VSXHDG
7475456	bgi_VSXZII
5816320	bgi_VSY0KT
4660992	bgi_VSY399
5879552	bgi_VSYLAG
6940928	bgi_VSZ99C
7306752	bgi_VSZNV3
5440768	bgi_VT0NJY
7421824	bgi_VT1CWP
2623872	bgi_VT1IVC
5015808	bgi_VT2F0R
3028992	bgi_VT2KB9
5899392	bgi_VT2O2F
4589312	bgi_VT40XO
5873408	bgi_VT5UOH
9926016	bgi_VT6NQC
6569856	bgi_VT80ZA
2866816	bgi_VT8EKH
11912448	bgi_VT9BGT
3896960	bgi_VTA6TD
5834368	bgi_VTALEJ
5114624	bgi_VTARO6
3239424	bgi_VTCEZ2
5360128	bgi_VTCFL1
7445632	bgi_VTD3D4
3519744	bgi_VTDAHZ
4676864	bgi_VTETOY
5381504	bgi_VTFDDH
2536832	bgi_VTFFPJ
7819904	bgi_VTGDYY
5820288	bgi_VTL79A
9123712	bgi_VTNHLT
7293824	bgi_VTP6JE
3808384	bgi_VTPGT9
3784576	bgi_VTQ28C
7006080	bgi_VTQNH8
2907264	bgi_VTSBVR
6416896	bgi_VTSDNR
6571776	bgi_VTT6CY
4317568	bgi_VTTYB4
9306240	bgi_VTUQVL
5364096	bgi_VTWLDB
9509376	bgi_VTWUM8
3782400	bgi_VTYCZ2
5339648	bgi_VTZW8F
5224448	bgi_VU0WT9
5232000	bgi_VU1RHC
3693824	bgi_VU27ZK
9385600	bgi_VU29SB
4778368	bgi_VU37VZ
5455872	bgi_VU3NON
5707648	bgi_VU4OMZ
4865792	bgi_VU4UJ1
3663360	bgi_VU546G
5326080	bgi_VU5679
7279104	bgi_VU6V3M
3254528	bgi_VU6VE5
4201600	bgi_VU76CR
5804544	bgi_VU84FM
4727424	bgi_VU96B3
4855168	bgi_VUAHEP
3820672	bgi_VUAP4E
8158592	bgi_VUBUXB
4069120	bgi_VUCGX0
5303808	bgi_VUCVXM
4131456	bgi_VUD8XW
4800768	bgi_VUE53R
5761536	bgi_VUEKUS
4907136	bgi_VUGP8W
7844352	bgi_VUH3CJ
3217920	bgi_VUHK2Z
10813056	bgi_VUJ829
4478336	bgi_VUJA03
4494592	bgi_VULDEN
5563392	bgi_VULOFQ
6952704	bgi_VUMB0Y
2070656	bgi_VUN4N4
4610176	bgi_VUO1B2
6593920	bgi_VUO5I7
3999360	bgi_VUPK67
5218432	bgi_VUR0YN
4496512	bgi_VUSLFL
2544768	bgi_VUSPBL
9604736	bgi_VUUBDF
6696704	bgi_VUUDII
5191552	bgi_VUUI0H
4525824	bgi_VUUOIT
9680512	bgi_VUURRJ
7709184	bgi_VUV3QJ
3513600	bgi_VUVJ4Y
6507776	bgi_VUW88M
7437440	bgi_VUXZVX
6248320	bgi_VUY404
4091392	bgi_VUYRU9
5065984	bgi_VUZJOJ
3755008	bgi_VUZKIP
5993088	bgi_VV0MRX
5460992	bgi_VV1U4T
4250880	bgi_VV1WMI
6235136	bgi_VV3BC7
2725504	bgi_VV3FPX
4465280	bgi_VV3NTG
11790720	bgi_VV3YV8
5855616	bgi_VV45IR
109696	bgi_VV5SGU
6559744	bgi_VV639H
6023424	bgi_VV71E6
6462592	bgi_VV7XIW
8688256	bgi_VV877S
8172672	bgi_VV8Z54
3733632	bgi_VV9PVW
7972608	bgi_VV9YAM
7911936	bgi_VVAE9L
1533184	bgi_VVBI5V
5120256	bgi_VVCMVB
5913728	bgi_VVEIXI
6518656	bgi_VVGG3U
5022720	bgi_VVGMJE
5111808	bgi_VVH18D
4498304	bgi_VVHM1U
5538048	bgi_VVHRJD
6244224	bgi_VVIEIZ
823296	bgi_VVIPKR
8593536	bgi_VVIPL7
5014016	bgi_VVJ28F
4883712	bgi_VVJS40
5806848	bgi_VVK3XC
4875136	bgi_VVLHKJ
4251520	bgi_VVLSK3
6505728	bgi_VVMFY7
4696960	bgi_VVMH8R
4993920	bgi_VVMU5W
3925760	bgi_VVOBA0
5255040	bgi_VVQEDC
5384448	bgi_VVQZMP
4888064	bgi_VVRBSV
9105920	bgi_VVRPGF
5720832	bgi_VVS7GN
7410176	bgi_VVS9OY
6150528	bgi_VVS9ZY
5756416	bgi_VVUUAW
1394304	bgi_VVVAHX
5091840	bgi_VVVC0F
2696320	bgi_VVVODK
4772352	bgi_VVYRCJ
4541440	bgi_VW1191
148352	bgi_VW185G
7253504	bgi_VW29UH
5458816	bgi_VW4N4P
7039360	bgi_VW575C
4699776	bgi_VW59XJ
11067904	bgi_VW5BRB
6945536	bgi_VW5DGL
3981440	bgi_VW5OH8
7009536	bgi_VW622R
5741312	bgi_VW683D
1952256	bgi_VW6GPH
5853568	bgi_VW6QOI
4119424	bgi_VW6TX4
4758016	bgi_VW7FU7
3961344	bgi_VW8DN6
4943616	bgi_VW8KUI
5636480	bgi_VW8N3H
5448192	bgi_VWALAI
4357248	bgi_VWBH1L
5235328	bgi_VWBL93
3701632	bgi_VWBMOB
1880832	bgi_VWBZ6D
3403392	bgi_VWC1V7
5146624	bgi_VWD8FI
5750528	bgi_VWDJSA
6162560	bgi_VWF3HM
3626496	bgi_VWF7B6
8422144	bgi_VWGA93
6135552	bgi_VWGBH0
7349504	bgi_VWGSZQ
3353728	bgi_VWH508
2539136	bgi_VWIFK7
5857152	bgi_VWJHOD
8213504	bgi_VWKCGE
6347520	bgi_VWKR11
6406272	bgi_VWKZ0R
9111552	bgi_VWLZJN
3679360	bgi_VWM167
6018304	bgi_VWM3TF
3929088	bgi_VWM3TQ
3991680	bgi_VWN6W0
4097024	bgi_VWNFTU
8300800	bgi_VWO9OM
5026944	bgi_VWP2I5
5394944	bgi_VWPC7H
4228352	bgi_VWPR2L
7401344	bgi_VWQ8LQ
948992	bgi_VWQFU2
3962240	bgi_VWQMAK
2970752	bgi_VWRSLA
11549440	bgi_VWS2Q4
5812352	bgi_VWSHOI
7376256	bgi_VWSUHB
8812288	bgi_VWT2R8
4394624	bgi_VWTYJT
6680832	bgi_VWU26B
8390912	bgi_VWVHMO
5073664	bgi_VWVHZE
5118080	bgi_VWW8IN
5879552	bgi_VWWX1X
5626368	bgi_VWX93I
5785600	bgi_VWX9IF
5744000	bgi_VWXKPI
7530624	bgi_VWXSYY
6121600	bgi_VWZEWE
6175488	bgi_VWZL8M
4523008	bgi_VWZXUB
4888832	bgi_VX0PX6
6506368	bgi_VX2W7U
4386176	bgi_VX38WF
5470720	bgi_VX4EUO
6058496	bgi_VX5N7I
4100992	bgi_VX63E0
4197248	bgi_VX64PI
2879616	bgi_VX6G26
2791040	bgi_VX6S2O
3792000	bgi_VX72LD
6675584	bgi_VX7EQ1
2462848	bgi_VX8HDR
4215936	bgi_VX9Z3C
7439744	bgi_VXAIBG
2760320	bgi_VXBMQR
6827008	bgi_VXCM76
3159424	bgi_VXD4WU
4473600	bgi_VXDTV6
5671936	bgi_VXEZEM
3323776	bgi_VXF28B
2284032	bgi_VXF8T3
1371392	bgi_VXFG0K
6806016	bgi_VXGCCZ
7972224	bgi_VXGRN0
3248000	bgi_VXI644
4900480	bgi_VXI6G1
5466240	bgi_VXJ3KK
4528256	bgi_VXJXFE
4654208	bgi_VXKU72
7171712	bgi_VXKYPO
4515840	bgi_VXL3GC
5342080	bgi_VXLDIP
4380672	bgi_VXLKFV
3990016	bgi_VXN2H8
5404928	bgi_VXNEKE
5324160	bgi_VXOAVV
5493120	bgi_VXQVSJ
7632128	bgi_VXQY6V
5518848	bgi_VXRM5W
3553408	bgi_VXRT9Y
7519104	bgi_VXRVLR
3228928	bgi_VXSG83
5655936	bgi_VXT9A3
1406592	bgi_VXT9A6
5140864	bgi_VXUGXK
6519168	bgi_VXVYX8
6774144	bgi_VXWUK7
7216256	bgi_VXXJ9D
3865728	bgi_VXZTBT
6651904	bgi_VY0VG1
6031744	bgi_VY1744
3134976	bgi_VY1MD3
10387584	bgi_VY1MGO
5212160	bgi_VY1Y1Y
6244096	bgi_VY25ST
6551936	bgi_VY2CA4
3950336	bgi_VY2EDD
9041920	bgi_VY2X73
5606912	bgi_VY31L5
10293248	bgi_VY36ZZ
4789760	bgi_VY53DF
2881664	bgi_VY5LA8
6331136	bgi_VY824V
8729088	bgi_VY8NWU
5862912	bgi_VY8TD7
5791360	bgi_VY8TVB
11953152	bgi_VY8V5H
6520448	bgi_VYAHM9
6892672	bgi_VYAI5J
5307776	bgi_VYAXOA
8716672	bgi_VYBENH
5510144	bgi_VYBILN
6390272	bgi_VYBPKM
4621952	bgi_VYBQC2
9657088	bgi_VYBVHT
3673600	bgi_VYBWF5
6339456	bgi_VYCU1M
2468864	bgi_VYDEMO
5844992	bgi_VYGCM7
2427520	bgi_VYH78A
5759360	bgi_VYHHE1
10288128	bgi_VYHIBD
6710528	bgi_VYHR28
5978496	bgi_VYHVL7
9651200	bgi_VYI4ZJ
7061504	bgi_VYIC4O
7955456	bgi_VYJOVS
10887040	bgi_VYJX9R
7738880	bgi_VYJY1Q
5351424	bgi_VYL9BR
5653888	bgi_VYMT00
5294080	bgi_VYN8HQ
6243072	bgi_VYNR2D
3667200	bgi_VYOWGU
7494912	bgi_VYOWVQ
6629888	bgi_VYP34W
7547392	bgi_VYR5E2
5250304	bgi_VYRK9P
1569664	bgi_VYRPJD
2000896	bgi_VYS7CL
5288960	bgi_VYS8D6
4980864	bgi_VYSCTF
6165376	bgi_VYST3I
8041600	bgi_VYT2M7
4823808	bgi_VYTTP7
4418944	bgi_VYTUQB
2868864	bgi_VYUQHR
4552704	bgi_VYV2O5
5349888	bgi_VYVFO8
4252416	bgi_VYW543
7035264	bgi_VYWBYK
5645952	bgi_VYWGO6
7889920	bgi_VYWOWJ
2766208	bgi_VYXJ7L
5669248	bgi_VYYIUL
5046656	bgi_VYZ4IW
3766912	bgi_VYZFIT
6167680	bgi_VZ130X
5003136	bgi_VZ1AH2
2754944	bgi_VZ1KA0
3793664	bgi_VZ31BQ
7584384	bgi_VZ3XB1
9044480	bgi_VZ4EH6
5667200	bgi_VZ4H9M
12662400	bgi_VZ5D83
5579392	bgi_VZ5RV3
4826496	bgi_VZ5XUL
4433024	bgi_VZ6D5K
3374464	bgi_VZ6Z5D
3987968	bgi_VZ7UAZ
7744896	bgi_VZ7YSM
7542912	bgi_VZ8AXD
4476288	bgi_VZ9NE7
3976704	bgi_VZC7MM
5649152	bgi_VZCLH2
5936896	bgi_VZDFL5
5705856	bgi_VZDRC2
3559552	bgi_VZESF9
4594816	bgi_VZEXSW
5021312	bgi_VZG7T1
7102336	bgi_VZGDBV
6075520	bgi_VZGZLV
3524096	bgi_VZHO9I
4868352	bgi_VZHOAT
3840256	bgi_VZHXCJ
5057792	bgi_VZIO94
5622656	bgi_VZIVTO
7331456	bgi_VZJ5WW
5086208	bgi_VZJICJ
5894272	bgi_VZK77E
5063680	bgi_VZMDR2
3842176	bgi_VZMLUK
12131584	bgi_VZOC83
5190528	bgi_VZOMOW
5296384	bgi_VZQLWU
5313920	bgi_VZQYWY
6219776	bgi_VZR2LZ
5618688	bgi_VZR42V
5143296	bgi_VZSPJW
7693056	bgi_VZSQ0C
4302080	bgi_VZTMOW
6904064	bgi_VZUFR8
5579648	bgi_VZWEWM
6822656	bgi_VZXIHP
4743936	bgi_VZY957
4870528	bgi_VZYSJ2
5138176	bgi_VZZW6V
